
Warning-[LNX_OS_VERUN] Unsupported Linux version
  Linux version 'AlmaLinux release 9.8 (Olive Jaguar)' is not supported on 
  'x86_64' officially, assuming linux compatibility by default. Set 
  VCS_ARCH_OVERRIDE to linux or suse32 to override.
  Please refer to release notes for information on supported platforms.

                         Chronologic VCS (TM)
        Version W-2024.09-1_Full64 -- Tue Sep 29 17:03:32 2026

                    Copyright (c) 1991 - 2024 Synopsys, Inc.
   This software and the associated documentation are proprietary to Synopsys,
 Inc. This software may only be used in accordance with the terms and conditions
 of a written license agreement with Synopsys, Inc. All other use, reproduction,
   or distribution of this software is strictly prohibited.  Licensed Products
     communicate with Synopsys servers for the purpose of providing software
    updates, detecting software piracy and verifying that customers are using
    Licensed Products in conformity with the applicable License Key for such
  Licensed Products. Synopsys will use information gathered in connection with
    this process to deliver software updates and pursue software pirates and
                                   infringers.

 Inclusivity & Diversity - Visit SolvNetPlus to read the "Synopsys Statement on
            Inclusivity and Diversity" (Refer to article 000036315 at
                        https://solvnetplus.synopsys.com)

Parsing design file '/home/bea/snitch-axi4-xbars/sc/.bender/git/checkouts/common_verification-67b1cff57853a398/src/clk_rst_gen.sv'
Parsing design file '/home/bea/snitch-axi4-xbars/sc/.bender/git/checkouts/common_verification-67b1cff57853a398/src/rand_id_queue.sv'
Parsing design file '/home/bea/snitch-axi4-xbars/sc/.bender/git/checkouts/common_verification-67b1cff57853a398/src/rand_stream_mst.sv'
Parsing design file '/home/bea/snitch-axi4-xbars/sc/.bender/git/checkouts/common_verification-67b1cff57853a398/src/rand_synch_holdable_driver.sv'
Parsing design file '/home/bea/snitch-axi4-xbars/sc/.bender/git/checkouts/common_verification-67b1cff57853a398/src/rand_verif_pkg.sv'
Parsing design file '/home/bea/snitch-axi4-xbars/sc/.bender/git/checkouts/common_verification-67b1cff57853a398/src/signal_highlighter.sv'
Parsing design file '/home/bea/snitch-axi4-xbars/sc/.bender/git/checkouts/common_verification-67b1cff57853a398/src/sim_timeout.sv'
Parsing design file '/home/bea/snitch-axi4-xbars/sc/.bender/git/checkouts/common_verification-67b1cff57853a398/src/stream_watchdog.sv'
Parsing design file '/home/bea/snitch-axi4-xbars/sc/.bender/git/checkouts/common_verification-67b1cff57853a398/src/rand_synch_driver.sv'
Parsing design file '/home/bea/snitch-axi4-xbars/sc/.bender/git/checkouts/common_verification-67b1cff57853a398/src/rand_stream_slv.sv'
CPU time: .241 seconds to compile

Warning-[LNX_OS_VERUN] Unsupported Linux version
  Linux version 'AlmaLinux release 9.8 (Olive Jaguar)' is not supported on 
  'x86_64' officially, assuming linux compatibility by default. Set 
  VCS_ARCH_OVERRIDE to linux or suse32 to override.
  Please refer to release notes for information on supported platforms.

                         Chronologic VCS (TM)
        Version W-2024.09-1_Full64 -- Tue Sep 29 17:03:32 2026

                    Copyright (c) 1991 - 2024 Synopsys, Inc.
   This software and the associated documentation are proprietary to Synopsys,
 Inc. This software may only be used in accordance with the terms and conditions
 of a written license agreement with Synopsys, Inc. All other use, reproduction,
   or distribution of this software is strictly prohibited.  Licensed Products
     communicate with Synopsys servers for the purpose of providing software
    updates, detecting software piracy and verifying that customers are using
    Licensed Products in conformity with the applicable License Key for such
  Licensed Products. Synopsys will use information gathered in connection with
    this process to deliver software updates and pursue software pirates and
                                   infringers.

 Inclusivity & Diversity - Visit SolvNetPlus to read the "Synopsys Statement on
            Inclusivity and Diversity" (Refer to article 000036315 at
                        https://solvnetplus.synopsys.com)

Parsing design file '/home/bea/snitch-axi4-xbars/sc/.bender/git/checkouts/tech_cells_generic-610ebe98605957e7/src/rtl/tc_sram.sv'
Parsing design file '/home/bea/snitch-axi4-xbars/sc/.bender/git/checkouts/tech_cells_generic-610ebe98605957e7/src/rtl/tc_sram_impl.sv'
CPU time: .236 seconds to compile

Warning-[LNX_OS_VERUN] Unsupported Linux version
  Linux version 'AlmaLinux release 9.8 (Olive Jaguar)' is not supported on 
  'x86_64' officially, assuming linux compatibility by default. Set 
  VCS_ARCH_OVERRIDE to linux or suse32 to override.
  Please refer to release notes for information on supported platforms.

                         Chronologic VCS (TM)
        Version W-2024.09-1_Full64 -- Tue Sep 29 17:03:33 2026

                    Copyright (c) 1991 - 2024 Synopsys, Inc.
   This software and the associated documentation are proprietary to Synopsys,
 Inc. This software may only be used in accordance with the terms and conditions
 of a written license agreement with Synopsys, Inc. All other use, reproduction,
   or distribution of this software is strictly prohibited.  Licensed Products
     communicate with Synopsys servers for the purpose of providing software
    updates, detecting software piracy and verifying that customers are using
    Licensed Products in conformity with the applicable License Key for such
  Licensed Products. Synopsys will use information gathered in connection with
    this process to deliver software updates and pursue software pirates and
                                   infringers.

 Inclusivity & Diversity - Visit SolvNetPlus to read the "Synopsys Statement on
            Inclusivity and Diversity" (Refer to article 000036315 at
                        https://solvnetplus.synopsys.com)

Parsing design file '/home/bea/snitch-axi4-xbars/sc/.bender/git/checkouts/tech_cells_generic-610ebe98605957e7/src/rtl/tc_clk.sv'
CPU time: .241 seconds to compile

Warning-[LNX_OS_VERUN] Unsupported Linux version
  Linux version 'AlmaLinux release 9.8 (Olive Jaguar)' is not supported on 
  'x86_64' officially, assuming linux compatibility by default. Set 
  VCS_ARCH_OVERRIDE to linux or suse32 to override.
  Please refer to release notes for information on supported platforms.

                         Chronologic VCS (TM)
        Version W-2024.09-1_Full64 -- Tue Sep 29 17:03:34 2026

                    Copyright (c) 1991 - 2024 Synopsys, Inc.
   This software and the associated documentation are proprietary to Synopsys,
 Inc. This software may only be used in accordance with the terms and conditions
 of a written license agreement with Synopsys, Inc. All other use, reproduction,
   or distribution of this software is strictly prohibited.  Licensed Products
     communicate with Synopsys servers for the purpose of providing software
    updates, detecting software piracy and verifying that customers are using
    Licensed Products in conformity with the applicable License Key for such
  Licensed Products. Synopsys will use information gathered in connection with
    this process to deliver software updates and pursue software pirates and
                                   infringers.

 Inclusivity & Diversity - Visit SolvNetPlus to read the "Synopsys Statement on
            Inclusivity and Diversity" (Refer to article 000036315 at
                        https://solvnetplus.synopsys.com)

Parsing design file '/home/bea/snitch-axi4-xbars/sc/.bender/git/checkouts/tech_cells_generic-610ebe98605957e7/src/deprecated/cluster_pwr_cells.sv'
Parsing design file '/home/bea/snitch-axi4-xbars/sc/.bender/git/checkouts/tech_cells_generic-610ebe98605957e7/src/deprecated/generic_memory.sv'
Parsing design file '/home/bea/snitch-axi4-xbars/sc/.bender/git/checkouts/tech_cells_generic-610ebe98605957e7/src/deprecated/generic_rom.sv'
Parsing design file '/home/bea/snitch-axi4-xbars/sc/.bender/git/checkouts/tech_cells_generic-610ebe98605957e7/src/deprecated/pad_functional.sv'
Parsing design file '/home/bea/snitch-axi4-xbars/sc/.bender/git/checkouts/tech_cells_generic-610ebe98605957e7/src/deprecated/pulp_buffer.sv'
Parsing design file '/home/bea/snitch-axi4-xbars/sc/.bender/git/checkouts/tech_cells_generic-610ebe98605957e7/src/deprecated/pulp_pwr_cells.sv'
CPU time: .249 seconds to compile

Warning-[LNX_OS_VERUN] Unsupported Linux version
  Linux version 'AlmaLinux release 9.8 (Olive Jaguar)' is not supported on 
  'x86_64' officially, assuming linux compatibility by default. Set 
  VCS_ARCH_OVERRIDE to linux or suse32 to override.
  Please refer to release notes for information on supported platforms.

                         Chronologic VCS (TM)
        Version W-2024.09-1_Full64 -- Tue Sep 29 17:03:35 2026

                    Copyright (c) 1991 - 2024 Synopsys, Inc.
   This software and the associated documentation are proprietary to Synopsys,
 Inc. This software may only be used in accordance with the terms and conditions
 of a written license agreement with Synopsys, Inc. All other use, reproduction,
   or distribution of this software is strictly prohibited.  Licensed Products
     communicate with Synopsys servers for the purpose of providing software
    updates, detecting software piracy and verifying that customers are using
    Licensed Products in conformity with the applicable License Key for such
  Licensed Products. Synopsys will use information gathered in connection with
    this process to deliver software updates and pursue software pirates and
                                   infringers.

 Inclusivity & Diversity - Visit SolvNetPlus to read the "Synopsys Statement on
            Inclusivity and Diversity" (Refer to article 000036315 at
                        https://solvnetplus.synopsys.com)

Parsing design file '/home/bea/snitch-axi4-xbars/sc/.bender/git/checkouts/tech_cells_generic-610ebe98605957e7/src/tc_pwr.sv'
CPU time: .235 seconds to compile

Warning-[LNX_OS_VERUN] Unsupported Linux version
  Linux version 'AlmaLinux release 9.8 (Olive Jaguar)' is not supported on 
  'x86_64' officially, assuming linux compatibility by default. Set 
  VCS_ARCH_OVERRIDE to linux or suse32 to override.
  Please refer to release notes for information on supported platforms.

                         Chronologic VCS (TM)
        Version W-2024.09-1_Full64 -- Tue Sep 29 17:03:36 2026

                    Copyright (c) 1991 - 2024 Synopsys, Inc.
   This software and the associated documentation are proprietary to Synopsys,
 Inc. This software may only be used in accordance with the terms and conditions
 of a written license agreement with Synopsys, Inc. All other use, reproduction,
   or distribution of this software is strictly prohibited.  Licensed Products
     communicate with Synopsys servers for the purpose of providing software
    updates, detecting software piracy and verifying that customers are using
    Licensed Products in conformity with the applicable License Key for such
  Licensed Products. Synopsys will use information gathered in connection with
    this process to deliver software updates and pursue software pirates and
                                   infringers.

 Inclusivity & Diversity - Visit SolvNetPlus to read the "Synopsys Statement on
            Inclusivity and Diversity" (Refer to article 000036315 at
                        https://solvnetplus.synopsys.com)

Parsing design file '/home/bea/snitch-axi4-xbars/sc/.bender/git/checkouts/tech_cells_generic-610ebe98605957e7/src/deprecated/pulp_clock_gating_async.sv'
Parsing design file '/home/bea/snitch-axi4-xbars/sc/.bender/git/checkouts/tech_cells_generic-610ebe98605957e7/src/deprecated/cluster_clk_cells.sv'
Parsing design file '/home/bea/snitch-axi4-xbars/sc/.bender/git/checkouts/tech_cells_generic-610ebe98605957e7/src/deprecated/pulp_clk_cells.sv'
CPU time: .206 seconds to compile

Warning-[LNX_OS_VERUN] Unsupported Linux version
  Linux version 'AlmaLinux release 9.8 (Olive Jaguar)' is not supported on 
  'x86_64' officially, assuming linux compatibility by default. Set 
  VCS_ARCH_OVERRIDE to linux or suse32 to override.
  Please refer to release notes for information on supported platforms.

                         Chronologic VCS (TM)
        Version W-2024.09-1_Full64 -- Tue Sep 29 17:03:37 2026

                    Copyright (c) 1991 - 2024 Synopsys, Inc.
   This software and the associated documentation are proprietary to Synopsys,
 Inc. This software may only be used in accordance with the terms and conditions
 of a written license agreement with Synopsys, Inc. All other use, reproduction,
   or distribution of this software is strictly prohibited.  Licensed Products
     communicate with Synopsys servers for the purpose of providing software
    updates, detecting software piracy and verifying that customers are using
    Licensed Products in conformity with the applicable License Key for such
  Licensed Products. Synopsys will use information gathered in connection with
    this process to deliver software updates and pursue software pirates and
                                   infringers.

 Inclusivity & Diversity - Visit SolvNetPlus to read the "Synopsys Statement on
            Inclusivity and Diversity" (Refer to article 000036315 at
                        https://solvnetplus.synopsys.com)

Parsing design file '/home/bea/snitch-axi4-xbars/sc/.bender/git/checkouts/common_cells-aa028fdb314cdab0/src/binary_to_gray.sv'
CPU time: .257 seconds to compile

Warning-[LNX_OS_VERUN] Unsupported Linux version
  Linux version 'AlmaLinux release 9.8 (Olive Jaguar)' is not supported on 
  'x86_64' officially, assuming linux compatibility by default. Set 
  VCS_ARCH_OVERRIDE to linux or suse32 to override.
  Please refer to release notes for information on supported platforms.

                         Chronologic VCS (TM)
        Version W-2024.09-1_Full64 -- Tue Sep 29 17:03:37 2026

                    Copyright (c) 1991 - 2024 Synopsys, Inc.
   This software and the associated documentation are proprietary to Synopsys,
 Inc. This software may only be used in accordance with the terms and conditions
 of a written license agreement with Synopsys, Inc. All other use, reproduction,
   or distribution of this software is strictly prohibited.  Licensed Products
     communicate with Synopsys servers for the purpose of providing software
    updates, detecting software piracy and verifying that customers are using
    Licensed Products in conformity with the applicable License Key for such
  Licensed Products. Synopsys will use information gathered in connection with
    this process to deliver software updates and pursue software pirates and
                                   infringers.

 Inclusivity & Diversity - Visit SolvNetPlus to read the "Synopsys Statement on
            Inclusivity and Diversity" (Refer to article 000036315 at
                        https://solvnetplus.synopsys.com)

Parsing design file '/home/bea/snitch-axi4-xbars/sc/.bender/git/checkouts/common_cells-aa028fdb314cdab0/src/cb_filter_pkg.sv'
Parsing design file '/home/bea/snitch-axi4-xbars/sc/.bender/git/checkouts/common_cells-aa028fdb314cdab0/src/cc_onehot.sv'
Parsing design file '/home/bea/snitch-axi4-xbars/sc/.bender/git/checkouts/common_cells-aa028fdb314cdab0/src/cdc_reset_ctrlr_pkg.sv'
Parsing design file '/home/bea/snitch-axi4-xbars/sc/.bender/git/checkouts/common_cells-aa028fdb314cdab0/src/cf_math_pkg.sv'
Parsing design file '/home/bea/snitch-axi4-xbars/sc/.bender/git/checkouts/common_cells-aa028fdb314cdab0/src/clk_int_div.sv'
Parsing design file '/home/bea/snitch-axi4-xbars/sc/.bender/git/checkouts/common_cells-aa028fdb314cdab0/src/credit_counter.sv'
Parsing included file '/home/bea/snitch-axi4-xbars/sc/.bender/git/checkouts/common_cells-aa028fdb314cdab0/include/common_cells/registers.svh'.
Back to file '/home/bea/snitch-axi4-xbars/sc/.bender/git/checkouts/common_cells-aa028fdb314cdab0/src/credit_counter.sv'.
Parsing included file '/home/bea/snitch-axi4-xbars/sc/.bender/git/checkouts/common_cells-aa028fdb314cdab0/include/common_cells/assertions.svh'.
Back to file '/home/bea/snitch-axi4-xbars/sc/.bender/git/checkouts/common_cells-aa028fdb314cdab0/src/credit_counter.sv'.
Parsing design file '/home/bea/snitch-axi4-xbars/sc/.bender/git/checkouts/common_cells-aa028fdb314cdab0/src/delta_counter.sv'
Parsing design file '/home/bea/snitch-axi4-xbars/sc/.bender/git/checkouts/common_cells-aa028fdb314cdab0/src/ecc_pkg.sv'
Parsing design file '/home/bea/snitch-axi4-xbars/sc/.bender/git/checkouts/common_cells-aa028fdb314cdab0/src/edge_propagator_tx.sv'
Parsing design file '/home/bea/snitch-axi4-xbars/sc/.bender/git/checkouts/common_cells-aa028fdb314cdab0/src/exp_backoff.sv'
Parsing design file '/home/bea/snitch-axi4-xbars/sc/.bender/git/checkouts/common_cells-aa028fdb314cdab0/src/fifo_v3.sv'
Parsing design file '/home/bea/snitch-axi4-xbars/sc/.bender/git/checkouts/common_cells-aa028fdb314cdab0/src/gray_to_binary.sv'
Parsing design file '/home/bea/snitch-axi4-xbars/sc/.bender/git/checkouts/common_cells-aa028fdb314cdab0/src/isochronous_4phase_handshake.sv'
Parsing included file '/home/bea/snitch-axi4-xbars/sc/.bender/git/checkouts/common_cells-aa028fdb314cdab0/include/common_cells/registers.svh'.
Back to file '/home/bea/snitch-axi4-xbars/sc/.bender/git/checkouts/common_cells-aa028fdb314cdab0/src/isochronous_4phase_handshake.sv'.
Parsing design file '/home/bea/snitch-axi4-xbars/sc/.bender/git/checkouts/common_cells-aa028fdb314cdab0/src/isochronous_spill_register.sv'
Parsing included file '/home/bea/snitch-axi4-xbars/sc/.bender/git/checkouts/common_cells-aa028fdb314cdab0/include/common_cells/registers.svh'.
Back to file '/home/bea/snitch-axi4-xbars/sc/.bender/git/checkouts/common_cells-aa028fdb314cdab0/src/isochronous_spill_register.sv'.
Parsing design file '/home/bea/snitch-axi4-xbars/sc/.bender/git/checkouts/common_cells-aa028fdb314cdab0/src/lfsr.sv'
Parsing design file '/home/bea/snitch-axi4-xbars/sc/.bender/git/checkouts/common_cells-aa028fdb314cdab0/src/lfsr_16bit.sv'
Parsing design file '/home/bea/snitch-axi4-xbars/sc/.bender/git/checkouts/common_cells-aa028fdb314cdab0/src/lfsr_8bit.sv'
Parsing design file '/home/bea/snitch-axi4-xbars/sc/.bender/git/checkouts/common_cells-aa028fdb314cdab0/src/lossy_valid_to_stream.sv'
Parsing design file '/home/bea/snitch-axi4-xbars/sc/.bender/git/checkouts/common_cells-aa028fdb314cdab0/src/mv_filter.sv'
Parsing design file '/home/bea/snitch-axi4-xbars/sc/.bender/git/checkouts/common_cells-aa028fdb314cdab0/src/onehot_to_bin.sv'
Parsing design file '/home/bea/snitch-axi4-xbars/sc/.bender/git/checkouts/common_cells-aa028fdb314cdab0/src/plru_tree.sv'
Parsing design file '/home/bea/snitch-axi4-xbars/sc/.bender/git/checkouts/common_cells-aa028fdb314cdab0/src/passthrough_stream_fifo.sv'
Parsing included file '/home/bea/snitch-axi4-xbars/sc/.bender/git/checkouts/common_cells-aa028fdb314cdab0/include/common_cells/assertions.svh'.
Back to file '/home/bea/snitch-axi4-xbars/sc/.bender/git/checkouts/common_cells-aa028fdb314cdab0/src/passthrough_stream_fifo.sv'.
Parsing included file '/home/bea/snitch-axi4-xbars/sc/.bender/git/checkouts/common_cells-aa028fdb314cdab0/include/common_cells/registers.svh'.
Back to file '/home/bea/snitch-axi4-xbars/sc/.bender/git/checkouts/common_cells-aa028fdb314cdab0/src/passthrough_stream_fifo.sv'.
Parsing design file '/home/bea/snitch-axi4-xbars/sc/.bender/git/checkouts/common_cells-aa028fdb314cdab0/src/popcount.sv'
Parsing design file '/home/bea/snitch-axi4-xbars/sc/.bender/git/checkouts/common_cells-aa028fdb314cdab0/src/rr_arb_tree.sv'
Parsing design file '/home/bea/snitch-axi4-xbars/sc/.bender/git/checkouts/common_cells-aa028fdb314cdab0/src/rstgen_bypass.sv'
Parsing design file '/home/bea/snitch-axi4-xbars/sc/.bender/git/checkouts/common_cells-aa028fdb314cdab0/src/serial_deglitch.sv'
Parsing design file '/home/bea/snitch-axi4-xbars/sc/.bender/git/checkouts/common_cells-aa028fdb314cdab0/src/shift_reg.sv'
Parsing design file '/home/bea/snitch-axi4-xbars/sc/.bender/git/checkouts/common_cells-aa028fdb314cdab0/src/shift_reg_gated.sv'
Parsing included file '/home/bea/snitch-axi4-xbars/sc/.bender/git/checkouts/common_cells-aa028fdb314cdab0/include/common_cells/registers.svh'.
Back to file '/home/bea/snitch-axi4-xbars/sc/.bender/git/checkouts/common_cells-aa028fdb314cdab0/src/shift_reg_gated.sv'.
Parsing design file '/home/bea/snitch-axi4-xbars/sc/.bender/git/checkouts/common_cells-aa028fdb314cdab0/src/spill_register_flushable.sv'
Parsing design file '/home/bea/snitch-axi4-xbars/sc/.bender/git/checkouts/common_cells-aa028fdb314cdab0/src/stream_demux.sv'
Parsing design file '/home/bea/snitch-axi4-xbars/sc/.bender/git/checkouts/common_cells-aa028fdb314cdab0/src/stream_filter.sv'
Parsing design file '/home/bea/snitch-axi4-xbars/sc/.bender/git/checkouts/common_cells-aa028fdb314cdab0/src/stream_fork.sv'
Parsing design file '/home/bea/snitch-axi4-xbars/sc/.bender/git/checkouts/common_cells-aa028fdb314cdab0/src/stream_intf.sv'
Parsing design file '/home/bea/snitch-axi4-xbars/sc/.bender/git/checkouts/common_cells-aa028fdb314cdab0/src/stream_join_dynamic.sv'
Parsing design file '/home/bea/snitch-axi4-xbars/sc/.bender/git/checkouts/common_cells-aa028fdb314cdab0/src/stream_mux.sv'
Parsing design file '/home/bea/snitch-axi4-xbars/sc/.bender/git/checkouts/common_cells-aa028fdb314cdab0/src/stream_throttle.sv'
Parsing included file '/home/bea/snitch-axi4-xbars/sc/.bender/git/checkouts/common_cells-aa028fdb314cdab0/include/common_cells/registers.svh'.
Back to file '/home/bea/snitch-axi4-xbars/sc/.bender/git/checkouts/common_cells-aa028fdb314cdab0/src/stream_throttle.sv'.
Parsing design file '/home/bea/snitch-axi4-xbars/sc/.bender/git/checkouts/common_cells-aa028fdb314cdab0/src/sub_per_hash.sv'
Parsing design file '/home/bea/snitch-axi4-xbars/sc/.bender/git/checkouts/common_cells-aa028fdb314cdab0/src/sync.sv'
Parsing design file '/home/bea/snitch-axi4-xbars/sc/.bender/git/checkouts/common_cells-aa028fdb314cdab0/src/sync_wedge.sv'
Parsing design file '/home/bea/snitch-axi4-xbars/sc/.bender/git/checkouts/common_cells-aa028fdb314cdab0/src/unread.sv'
Parsing design file '/home/bea/snitch-axi4-xbars/sc/.bender/git/checkouts/common_cells-aa028fdb314cdab0/src/read.sv'
Parsing design file '/home/bea/snitch-axi4-xbars/sc/.bender/git/checkouts/common_cells-aa028fdb314cdab0/src/addr_decode_dync.sv'
Parsing design file '/home/bea/snitch-axi4-xbars/sc/.bender/git/checkouts/common_cells-aa028fdb314cdab0/src/cdc_2phase.sv'
Parsing design file '/home/bea/snitch-axi4-xbars/sc/.bender/git/checkouts/common_cells-aa028fdb314cdab0/src/cdc_4phase.sv'
Parsing design file '/home/bea/snitch-axi4-xbars/sc/.bender/git/checkouts/common_cells-aa028fdb314cdab0/src/clk_int_div_static.sv'
Parsing design file '/home/bea/snitch-axi4-xbars/sc/.bender/git/checkouts/common_cells-aa028fdb314cdab0/src/addr_decode.sv'
Parsing design file '/home/bea/snitch-axi4-xbars/sc/.bender/git/checkouts/common_cells-aa028fdb314cdab0/src/addr_decode_napot.sv'
Parsing design file '/home/bea/snitch-axi4-xbars/sc/.bender/git/checkouts/common_cells-aa028fdb314cdab0/src/multiaddr_decode.sv'
CPU time: .341 seconds to compile

Warning-[LNX_OS_VERUN] Unsupported Linux version
  Linux version 'AlmaLinux release 9.8 (Olive Jaguar)' is not supported on 
  'x86_64' officially, assuming linux compatibility by default. Set 
  VCS_ARCH_OVERRIDE to linux or suse32 to override.
  Please refer to release notes for information on supported platforms.

                         Chronologic VCS (TM)
        Version W-2024.09-1_Full64 -- Tue Sep 29 17:03:38 2026

                    Copyright (c) 1991 - 2024 Synopsys, Inc.
   This software and the associated documentation are proprietary to Synopsys,
 Inc. This software may only be used in accordance with the terms and conditions
 of a written license agreement with Synopsys, Inc. All other use, reproduction,
   or distribution of this software is strictly prohibited.  Licensed Products
     communicate with Synopsys servers for the purpose of providing software
    updates, detecting software piracy and verifying that customers are using
    Licensed Products in conformity with the applicable License Key for such
  Licensed Products. Synopsys will use information gathered in connection with
    this process to deliver software updates and pursue software pirates and
                                   infringers.

 Inclusivity & Diversity - Visit SolvNetPlus to read the "Synopsys Statement on
            Inclusivity and Diversity" (Refer to article 000036315 at
                        https://solvnetplus.synopsys.com)

Parsing design file '/home/bea/snitch-axi4-xbars/sc/.bender/git/checkouts/common_cells-aa028fdb314cdab0/src/cb_filter.sv'
Parsing design file '/home/bea/snitch-axi4-xbars/sc/.bender/git/checkouts/common_cells-aa028fdb314cdab0/src/cdc_fifo_2phase.sv'
Parsing design file '/home/bea/snitch-axi4-xbars/sc/.bender/git/checkouts/common_cells-aa028fdb314cdab0/src/clk_mux_glitch_free.sv'
Parsing design file '/home/bea/snitch-axi4-xbars/sc/.bender/git/checkouts/common_cells-aa028fdb314cdab0/src/counter.sv'
Parsing design file '/home/bea/snitch-axi4-xbars/sc/.bender/git/checkouts/common_cells-aa028fdb314cdab0/src/ecc_decode.sv'
Parsing design file '/home/bea/snitch-axi4-xbars/sc/.bender/git/checkouts/common_cells-aa028fdb314cdab0/src/ecc_encode.sv'
Parsing design file '/home/bea/snitch-axi4-xbars/sc/.bender/git/checkouts/common_cells-aa028fdb314cdab0/src/edge_detect.sv'
Parsing design file '/home/bea/snitch-axi4-xbars/sc/.bender/git/checkouts/common_cells-aa028fdb314cdab0/src/lzc.sv'
Parsing design file '/home/bea/snitch-axi4-xbars/sc/.bender/git/checkouts/common_cells-aa028fdb314cdab0/src/max_counter.sv'
Parsing design file '/home/bea/snitch-axi4-xbars/sc/.bender/git/checkouts/common_cells-aa028fdb314cdab0/src/rstgen.sv'
Parsing design file '/home/bea/snitch-axi4-xbars/sc/.bender/git/checkouts/common_cells-aa028fdb314cdab0/src/spill_register.sv'
Parsing design file '/home/bea/snitch-axi4-xbars/sc/.bender/git/checkouts/common_cells-aa028fdb314cdab0/src/stream_delay.sv'
Parsing design file '/home/bea/snitch-axi4-xbars/sc/.bender/git/checkouts/common_cells-aa028fdb314cdab0/src/stream_fifo.sv'
Parsing design file '/home/bea/snitch-axi4-xbars/sc/.bender/git/checkouts/common_cells-aa028fdb314cdab0/src/stream_fork_dynamic.sv'
Parsing design file '/home/bea/snitch-axi4-xbars/sc/.bender/git/checkouts/common_cells-aa028fdb314cdab0/src/stream_join.sv'
Parsing design file '/home/bea/snitch-axi4-xbars/sc/.bender/git/checkouts/common_cells-aa028fdb314cdab0/src/cdc_reset_ctrlr.sv'
Parsing design file '/home/bea/snitch-axi4-xbars/sc/.bender/git/checkouts/common_cells-aa028fdb314cdab0/src/cdc_fifo_gray.sv'
Parsing included file '/home/bea/snitch-axi4-xbars/sc/.bender/git/checkouts/common_cells-aa028fdb314cdab0/include/common_cells/registers.svh'.
Back to file '/home/bea/snitch-axi4-xbars/sc/.bender/git/checkouts/common_cells-aa028fdb314cdab0/src/cdc_fifo_gray.sv'.
Parsing design file '/home/bea/snitch-axi4-xbars/sc/.bender/git/checkouts/common_cells-aa028fdb314cdab0/src/fall_through_register.sv'
Parsing design file '/home/bea/snitch-axi4-xbars/sc/.bender/git/checkouts/common_cells-aa028fdb314cdab0/src/id_queue.sv'
Parsing design file '/home/bea/snitch-axi4-xbars/sc/.bender/git/checkouts/common_cells-aa028fdb314cdab0/src/stream_to_mem.sv'
Parsing included file '/home/bea/snitch-axi4-xbars/sc/.bender/git/checkouts/common_cells-aa028fdb314cdab0/include/common_cells/registers.svh'.
Back to file '/home/bea/snitch-axi4-xbars/sc/.bender/git/checkouts/common_cells-aa028fdb314cdab0/src/stream_to_mem.sv'.
Parsing design file '/home/bea/snitch-axi4-xbars/sc/.bender/git/checkouts/common_cells-aa028fdb314cdab0/src/stream_arbiter_flushable.sv'
Parsing design file '/home/bea/snitch-axi4-xbars/sc/.bender/git/checkouts/common_cells-aa028fdb314cdab0/src/stream_fifo_optimal_wrap.sv'
Parsing design file '/home/bea/snitch-axi4-xbars/sc/.bender/git/checkouts/common_cells-aa028fdb314cdab0/src/stream_register.sv'
Parsing included file '/home/bea/snitch-axi4-xbars/sc/.bender/git/checkouts/common_cells-aa028fdb314cdab0/include/common_cells/registers.svh'.
Back to file '/home/bea/snitch-axi4-xbars/sc/.bender/git/checkouts/common_cells-aa028fdb314cdab0/src/stream_register.sv'.
Parsing design file '/home/bea/snitch-axi4-xbars/sc/.bender/git/checkouts/common_cells-aa028fdb314cdab0/src/stream_xbar.sv'
Parsing design file '/home/bea/snitch-axi4-xbars/sc/.bender/git/checkouts/common_cells-aa028fdb314cdab0/src/cdc_fifo_gray_clearable.sv'
Parsing included file '/home/bea/snitch-axi4-xbars/sc/.bender/git/checkouts/common_cells-aa028fdb314cdab0/include/common_cells/registers.svh'.
Back to file '/home/bea/snitch-axi4-xbars/sc/.bender/git/checkouts/common_cells-aa028fdb314cdab0/src/cdc_fifo_gray_clearable.sv'.
Parsing design file '/home/bea/snitch-axi4-xbars/sc/.bender/git/checkouts/common_cells-aa028fdb314cdab0/src/cdc_2phase_clearable.sv'
Parsing included file '/home/bea/snitch-axi4-xbars/sc/.bender/git/checkouts/common_cells-aa028fdb314cdab0/include/common_cells/registers.svh'.
Back to file '/home/bea/snitch-axi4-xbars/sc/.bender/git/checkouts/common_cells-aa028fdb314cdab0/src/cdc_2phase_clearable.sv'.
Parsing design file '/home/bea/snitch-axi4-xbars/sc/.bender/git/checkouts/common_cells-aa028fdb314cdab0/src/mem_to_banks_detailed.sv'
Parsing design file '/home/bea/snitch-axi4-xbars/sc/.bender/git/checkouts/common_cells-aa028fdb314cdab0/src/stream_arbiter.sv'
Parsing design file '/home/bea/snitch-axi4-xbars/sc/.bender/git/checkouts/common_cells-aa028fdb314cdab0/src/stream_omega_net.sv'
Parsing design file '/home/bea/snitch-axi4-xbars/sc/.bender/git/checkouts/common_cells-aa028fdb314cdab0/src/mem_to_banks.sv'
CPU time: .319 seconds to compile

Warning-[LNX_OS_VERUN] Unsupported Linux version
  Linux version 'AlmaLinux release 9.8 (Olive Jaguar)' is not supported on 
  'x86_64' officially, assuming linux compatibility by default. Set 
  VCS_ARCH_OVERRIDE to linux or suse32 to override.
  Please refer to release notes for information on supported platforms.

                         Chronologic VCS (TM)
        Version W-2024.09-1_Full64 -- Tue Sep 29 17:03:39 2026

                    Copyright (c) 1991 - 2024 Synopsys, Inc.
   This software and the associated documentation are proprietary to Synopsys,
 Inc. This software may only be used in accordance with the terms and conditions
 of a written license agreement with Synopsys, Inc. All other use, reproduction,
   or distribution of this software is strictly prohibited.  Licensed Products
     communicate with Synopsys servers for the purpose of providing software
    updates, detecting software piracy and verifying that customers are using
    Licensed Products in conformity with the applicable License Key for such
  Licensed Products. Synopsys will use information gathered in connection with
    this process to deliver software updates and pursue software pirates and
                                   infringers.

 Inclusivity & Diversity - Visit SolvNetPlus to read the "Synopsys Statement on
            Inclusivity and Diversity" (Refer to article 000036315 at
                        https://solvnetplus.synopsys.com)

Parsing design file '/home/bea/snitch-axi4-xbars/sc/.bender/git/checkouts/common_cells-aa028fdb314cdab0/src/deprecated/sram.sv'
CPU time: .218 seconds to compile

Warning-[LNX_OS_VERUN] Unsupported Linux version
  Linux version 'AlmaLinux release 9.8 (Olive Jaguar)' is not supported on 
  'x86_64' officially, assuming linux compatibility by default. Set 
  VCS_ARCH_OVERRIDE to linux or suse32 to override.
  Please refer to release notes for information on supported platforms.

                         Chronologic VCS (TM)
        Version W-2024.09-1_Full64 -- Tue Sep 29 17:03:40 2026

                    Copyright (c) 1991 - 2024 Synopsys, Inc.
   This software and the associated documentation are proprietary to Synopsys,
 Inc. This software may only be used in accordance with the terms and conditions
 of a written license agreement with Synopsys, Inc. All other use, reproduction,
   or distribution of this software is strictly prohibited.  Licensed Products
     communicate with Synopsys servers for the purpose of providing software
    updates, detecting software piracy and verifying that customers are using
    Licensed Products in conformity with the applicable License Key for such
  Licensed Products. Synopsys will use information gathered in connection with
    this process to deliver software updates and pursue software pirates and
                                   infringers.

 Inclusivity & Diversity - Visit SolvNetPlus to read the "Synopsys Statement on
            Inclusivity and Diversity" (Refer to article 000036315 at
                        https://solvnetplus.synopsys.com)

Parsing design file '/home/bea/snitch-axi4-xbars/sc/.bender/git/checkouts/common_cells-aa028fdb314cdab0/test/stream_test.sv'
CPU time: .245 seconds to compile

Warning-[LNX_OS_VERUN] Unsupported Linux version
  Linux version 'AlmaLinux release 9.8 (Olive Jaguar)' is not supported on 
  'x86_64' officially, assuming linux compatibility by default. Set 
  VCS_ARCH_OVERRIDE to linux or suse32 to override.
  Please refer to release notes for information on supported platforms.

                         Chronologic VCS (TM)
        Version W-2024.09-1_Full64 -- Tue Sep 29 17:03:41 2026

                    Copyright (c) 1991 - 2024 Synopsys, Inc.
   This software and the associated documentation are proprietary to Synopsys,
 Inc. This software may only be used in accordance with the terms and conditions
 of a written license agreement with Synopsys, Inc. All other use, reproduction,
   or distribution of this software is strictly prohibited.  Licensed Products
     communicate with Synopsys servers for the purpose of providing software
    updates, detecting software piracy and verifying that customers are using
    Licensed Products in conformity with the applicable License Key for such
  Licensed Products. Synopsys will use information gathered in connection with
    this process to deliver software updates and pursue software pirates and
                                   infringers.

 Inclusivity & Diversity - Visit SolvNetPlus to read the "Synopsys Statement on
            Inclusivity and Diversity" (Refer to article 000036315 at
                        https://solvnetplus.synopsys.com)

Parsing design file '/home/bea/snitch-axi4-xbars/sc/.bender/git/checkouts/common_cells-aa028fdb314cdab0/src/deprecated/clock_divider_counter.sv'
Parsing design file '/home/bea/snitch-axi4-xbars/sc/.bender/git/checkouts/common_cells-aa028fdb314cdab0/src/deprecated/clk_div.sv'
Parsing design file '/home/bea/snitch-axi4-xbars/sc/.bender/git/checkouts/common_cells-aa028fdb314cdab0/src/deprecated/find_first_one.sv'
Parsing design file '/home/bea/snitch-axi4-xbars/sc/.bender/git/checkouts/common_cells-aa028fdb314cdab0/src/deprecated/generic_LFSR_8bit.sv'
Parsing design file '/home/bea/snitch-axi4-xbars/sc/.bender/git/checkouts/common_cells-aa028fdb314cdab0/src/deprecated/generic_fifo.sv'
Parsing design file '/home/bea/snitch-axi4-xbars/sc/.bender/git/checkouts/common_cells-aa028fdb314cdab0/src/deprecated/prioarbiter.sv'
Parsing design file '/home/bea/snitch-axi4-xbars/sc/.bender/git/checkouts/common_cells-aa028fdb314cdab0/src/deprecated/pulp_sync.sv'
Parsing design file '/home/bea/snitch-axi4-xbars/sc/.bender/git/checkouts/common_cells-aa028fdb314cdab0/src/deprecated/pulp_sync_wedge.sv'
Parsing design file '/home/bea/snitch-axi4-xbars/sc/.bender/git/checkouts/common_cells-aa028fdb314cdab0/src/deprecated/rrarbiter.sv'
Parsing design file '/home/bea/snitch-axi4-xbars/sc/.bender/git/checkouts/common_cells-aa028fdb314cdab0/src/deprecated/clock_divider.sv'
Parsing design file '/home/bea/snitch-axi4-xbars/sc/.bender/git/checkouts/common_cells-aa028fdb314cdab0/src/deprecated/fifo_v2.sv'
Parsing design file '/home/bea/snitch-axi4-xbars/sc/.bender/git/checkouts/common_cells-aa028fdb314cdab0/src/deprecated/fifo_v1.sv'
Parsing design file '/home/bea/snitch-axi4-xbars/sc/.bender/git/checkouts/common_cells-aa028fdb314cdab0/src/edge_propagator_ack.sv'
Parsing design file '/home/bea/snitch-axi4-xbars/sc/.bender/git/checkouts/common_cells-aa028fdb314cdab0/src/edge_propagator.sv'
Parsing design file '/home/bea/snitch-axi4-xbars/sc/.bender/git/checkouts/common_cells-aa028fdb314cdab0/src/edge_propagator_rx.sv'
CPU time: .274 seconds to compile

Warning-[LNX_OS_VERUN] Unsupported Linux version
  Linux version 'AlmaLinux release 9.8 (Olive Jaguar)' is not supported on 
  'x86_64' officially, assuming linux compatibility by default. Set 
  VCS_ARCH_OVERRIDE to linux or suse32 to override.
  Please refer to release notes for information on supported platforms.

                         Chronologic VCS (TM)
        Version W-2024.09-1_Full64 -- Tue Sep 29 17:03:42 2026

                    Copyright (c) 1991 - 2024 Synopsys, Inc.
   This software and the associated documentation are proprietary to Synopsys,
 Inc. This software may only be used in accordance with the terms and conditions
 of a written license agreement with Synopsys, Inc. All other use, reproduction,
   or distribution of this software is strictly prohibited.  Licensed Products
     communicate with Synopsys servers for the purpose of providing software
    updates, detecting software piracy and verifying that customers are using
    Licensed Products in conformity with the applicable License Key for such
  Licensed Products. Synopsys will use information gathered in connection with
    this process to deliver software updates and pursue software pirates and
                                   infringers.

 Inclusivity & Diversity - Visit SolvNetPlus to read the "Synopsys Statement on
            Inclusivity and Diversity" (Refer to article 000036315 at
                        https://solvnetplus.synopsys.com)

Parsing design file '/home/bea/snitch-axi4-xbars/sc/.bender/git/checkouts/apb-0b8df27abad700ff/src/apb_pkg.sv'
Parsing design file '/home/bea/snitch-axi4-xbars/sc/.bender/git/checkouts/apb-0b8df27abad700ff/src/apb_intf.sv'
Parsing design file '/home/bea/snitch-axi4-xbars/sc/.bender/git/checkouts/apb-0b8df27abad700ff/src/apb_err_slv.sv'
Parsing included file '/home/bea/snitch-axi4-xbars/sc/.bender/git/checkouts/apb-0b8df27abad700ff/include/apb/typedef.svh'.
Back to file '/home/bea/snitch-axi4-xbars/sc/.bender/git/checkouts/apb-0b8df27abad700ff/src/apb_err_slv.sv'.
Parsing included file '/home/bea/snitch-axi4-xbars/sc/.bender/git/checkouts/apb-0b8df27abad700ff/include/apb/assign.svh'.
Back to file '/home/bea/snitch-axi4-xbars/sc/.bender/git/checkouts/apb-0b8df27abad700ff/src/apb_err_slv.sv'.
Parsing design file '/home/bea/snitch-axi4-xbars/sc/.bender/git/checkouts/apb-0b8df27abad700ff/src/apb_regs.sv'
Parsing included file '/home/bea/snitch-axi4-xbars/sc/.bender/git/checkouts/common_cells-aa028fdb314cdab0/include/common_cells/registers.svh'.
Back to file '/home/bea/snitch-axi4-xbars/sc/.bender/git/checkouts/apb-0b8df27abad700ff/src/apb_regs.sv'.
Parsing included file '/home/bea/snitch-axi4-xbars/sc/.bender/git/checkouts/apb-0b8df27abad700ff/include/apb/assign.svh'.
Back to file '/home/bea/snitch-axi4-xbars/sc/.bender/git/checkouts/apb-0b8df27abad700ff/src/apb_regs.sv'.
Parsing design file '/home/bea/snitch-axi4-xbars/sc/.bender/git/checkouts/apb-0b8df27abad700ff/src/apb_cdc.sv'
Parsing included file '/home/bea/snitch-axi4-xbars/sc/.bender/git/checkouts/apb-0b8df27abad700ff/include/apb/assign.svh'.
Back to file '/home/bea/snitch-axi4-xbars/sc/.bender/git/checkouts/apb-0b8df27abad700ff/src/apb_cdc.sv'.
Parsing design file '/home/bea/snitch-axi4-xbars/sc/.bender/git/checkouts/apb-0b8df27abad700ff/src/apb_demux.sv'
Parsing included file '/home/bea/snitch-axi4-xbars/sc/.bender/git/checkouts/apb-0b8df27abad700ff/include/apb/assign.svh'.
Back to file '/home/bea/snitch-axi4-xbars/sc/.bender/git/checkouts/apb-0b8df27abad700ff/src/apb_demux.sv'.
CPU time: .304 seconds to compile

Warning-[LNX_OS_VERUN] Unsupported Linux version
  Linux version 'AlmaLinux release 9.8 (Olive Jaguar)' is not supported on 
  'x86_64' officially, assuming linux compatibility by default. Set 
  VCS_ARCH_OVERRIDE to linux or suse32 to override.
  Please refer to release notes for information on supported platforms.

                         Chronologic VCS (TM)
        Version W-2024.09-1_Full64 -- Tue Sep 29 17:03:42 2026

                    Copyright (c) 1991 - 2024 Synopsys, Inc.
   This software and the associated documentation are proprietary to Synopsys,
 Inc. This software may only be used in accordance with the terms and conditions
 of a written license agreement with Synopsys, Inc. All other use, reproduction,
   or distribution of this software is strictly prohibited.  Licensed Products
     communicate with Synopsys servers for the purpose of providing software
    updates, detecting software piracy and verifying that customers are using
    Licensed Products in conformity with the applicable License Key for such
  Licensed Products. Synopsys will use information gathered in connection with
    this process to deliver software updates and pursue software pirates and
                                   infringers.

 Inclusivity & Diversity - Visit SolvNetPlus to read the "Synopsys Statement on
            Inclusivity and Diversity" (Refer to article 000036315 at
                        https://solvnetplus.synopsys.com)

Parsing design file '/home/bea/snitch-axi4-xbars/sc/.bender/git/checkouts/apb-0b8df27abad700ff/src/apb_test.sv'
CPU time: .247 seconds to compile

Warning-[LNX_OS_VERUN] Unsupported Linux version
  Linux version 'AlmaLinux release 9.8 (Olive Jaguar)' is not supported on 
  'x86_64' officially, assuming linux compatibility by default. Set 
  VCS_ARCH_OVERRIDE to linux or suse32 to override.
  Please refer to release notes for information on supported platforms.

                         Chronologic VCS (TM)
        Version W-2024.09-1_Full64 -- Tue Sep 29 17:03:43 2026

                    Copyright (c) 1991 - 2024 Synopsys, Inc.
   This software and the associated documentation are proprietary to Synopsys,
 Inc. This software may only be used in accordance with the terms and conditions
 of a written license agreement with Synopsys, Inc. All other use, reproduction,
   or distribution of this software is strictly prohibited.  Licensed Products
     communicate with Synopsys servers for the purpose of providing software
    updates, detecting software piracy and verifying that customers are using
    Licensed Products in conformity with the applicable License Key for such
  Licensed Products. Synopsys will use information gathered in connection with
    this process to deliver software updates and pursue software pirates and
                                   infringers.

 Inclusivity & Diversity - Visit SolvNetPlus to read the "Synopsys Statement on
            Inclusivity and Diversity" (Refer to article 000036315 at
                        https://solvnetplus.synopsys.com)

Parsing design file '/home/bea/snitch-axi4-xbars/sc/.bender/git/checkouts/axi-10c18867bc585e38/src/axi_pkg.sv'
Parsing design file '/home/bea/snitch-axi4-xbars/sc/.bender/git/checkouts/axi-10c18867bc585e38/src/axi_intf.sv'
Parsing included file '/home/bea/snitch-axi4-xbars/sc/.bender/git/checkouts/axi-10c18867bc585e38/include/axi/typedef.svh'.
Back to file '/home/bea/snitch-axi4-xbars/sc/.bender/git/checkouts/axi-10c18867bc585e38/src/axi_intf.sv'.
Parsing design file '/home/bea/snitch-axi4-xbars/sc/.bender/git/checkouts/axi-10c18867bc585e38/src/axi_atop_filter.sv'
Parsing included file '/home/bea/snitch-axi4-xbars/sc/.bender/git/checkouts/axi-10c18867bc585e38/include/axi/assign.svh'.
Back to file '/home/bea/snitch-axi4-xbars/sc/.bender/git/checkouts/axi-10c18867bc585e38/src/axi_atop_filter.sv'.
Parsing included file '/home/bea/snitch-axi4-xbars/sc/.bender/git/checkouts/axi-10c18867bc585e38/include/axi/typedef.svh'.
Back to file '/home/bea/snitch-axi4-xbars/sc/.bender/git/checkouts/axi-10c18867bc585e38/src/axi_atop_filter.sv'.
Parsing design file '/home/bea/snitch-axi4-xbars/sc/.bender/git/checkouts/axi-10c18867bc585e38/src/axi_burst_splitter.sv'
Parsing included file '/home/bea/snitch-axi4-xbars/sc/.bender/git/checkouts/axi-10c18867bc585e38/include/axi/typedef.svh'.
Back to file '/home/bea/snitch-axi4-xbars/sc/.bender/git/checkouts/axi-10c18867bc585e38/src/axi_burst_splitter.sv'.
Parsing included file '/home/bea/snitch-axi4-xbars/sc/.bender/git/checkouts/common_cells-aa028fdb314cdab0/include/common_cells/registers.svh'.
Back to file '/home/bea/snitch-axi4-xbars/sc/.bender/git/checkouts/axi-10c18867bc585e38/src/axi_burst_splitter.sv'.
Parsing design file '/home/bea/snitch-axi4-xbars/sc/.bender/git/checkouts/axi-10c18867bc585e38/src/axi_bus_compare.sv'
Parsing included file '/home/bea/snitch-axi4-xbars/sc/.bender/git/checkouts/axi-10c18867bc585e38/include/axi/assign.svh'.
Back to file '/home/bea/snitch-axi4-xbars/sc/.bender/git/checkouts/axi-10c18867bc585e38/src/axi_bus_compare.sv'.
Parsing design file '/home/bea/snitch-axi4-xbars/sc/.bender/git/checkouts/axi-10c18867bc585e38/src/axi_cdc_dst.sv'
Parsing included file '/home/bea/snitch-axi4-xbars/sc/.bender/git/checkouts/axi-10c18867bc585e38/include/axi/assign.svh'.
Back to file '/home/bea/snitch-axi4-xbars/sc/.bender/git/checkouts/axi-10c18867bc585e38/src/axi_cdc_dst.sv'.
Parsing included file '/home/bea/snitch-axi4-xbars/sc/.bender/git/checkouts/axi-10c18867bc585e38/include/axi/typedef.svh'.
Back to file '/home/bea/snitch-axi4-xbars/sc/.bender/git/checkouts/axi-10c18867bc585e38/src/axi_cdc_dst.sv'.
Parsing design file '/home/bea/snitch-axi4-xbars/sc/.bender/git/checkouts/axi-10c18867bc585e38/src/axi_cdc_src.sv'
Parsing included file '/home/bea/snitch-axi4-xbars/sc/.bender/git/checkouts/axi-10c18867bc585e38/include/axi/assign.svh'.
Back to file '/home/bea/snitch-axi4-xbars/sc/.bender/git/checkouts/axi-10c18867bc585e38/src/axi_cdc_src.sv'.
Parsing included file '/home/bea/snitch-axi4-xbars/sc/.bender/git/checkouts/axi-10c18867bc585e38/include/axi/typedef.svh'.
Back to file '/home/bea/snitch-axi4-xbars/sc/.bender/git/checkouts/axi-10c18867bc585e38/src/axi_cdc_src.sv'.
Parsing design file '/home/bea/snitch-axi4-xbars/sc/.bender/git/checkouts/axi-10c18867bc585e38/src/axi_cut.sv'
Parsing included file '/home/bea/snitch-axi4-xbars/sc/.bender/git/checkouts/axi-10c18867bc585e38/include/axi/assign.svh'.
Back to file '/home/bea/snitch-axi4-xbars/sc/.bender/git/checkouts/axi-10c18867bc585e38/src/axi_cut.sv'.
Parsing included file '/home/bea/snitch-axi4-xbars/sc/.bender/git/checkouts/axi-10c18867bc585e38/include/axi/typedef.svh'.
Back to file '/home/bea/snitch-axi4-xbars/sc/.bender/git/checkouts/axi-10c18867bc585e38/src/axi_cut.sv'.
Parsing design file '/home/bea/snitch-axi4-xbars/sc/.bender/git/checkouts/axi-10c18867bc585e38/src/axi_delayer.sv'
Parsing included file '/home/bea/snitch-axi4-xbars/sc/.bender/git/checkouts/axi-10c18867bc585e38/include/axi/typedef.svh'.
Back to file '/home/bea/snitch-axi4-xbars/sc/.bender/git/checkouts/axi-10c18867bc585e38/src/axi_delayer.sv'.
Parsing included file '/home/bea/snitch-axi4-xbars/sc/.bender/git/checkouts/axi-10c18867bc585e38/include/axi/assign.svh'.
Back to file '/home/bea/snitch-axi4-xbars/sc/.bender/git/checkouts/axi-10c18867bc585e38/src/axi_delayer.sv'.
Parsing design file '/home/bea/snitch-axi4-xbars/sc/.bender/git/checkouts/axi-10c18867bc585e38/src/axi_demux_simple.sv'
Parsing included file '/home/bea/snitch-axi4-xbars/sc/.bender/git/checkouts/common_cells-aa028fdb314cdab0/include/common_cells/assertions.svh'.
Back to file '/home/bea/snitch-axi4-xbars/sc/.bender/git/checkouts/axi-10c18867bc585e38/src/axi_demux_simple.sv'.
Parsing included file '/home/bea/snitch-axi4-xbars/sc/.bender/git/checkouts/common_cells-aa028fdb314cdab0/include/common_cells/registers.svh'.
Back to file '/home/bea/snitch-axi4-xbars/sc/.bender/git/checkouts/axi-10c18867bc585e38/src/axi_demux_simple.sv'.
Parsing included file '/home/bea/snitch-axi4-xbars/sc/.bender/git/checkouts/axi-10c18867bc585e38/include/axi/assign.svh'.
Back to file '/home/bea/snitch-axi4-xbars/sc/.bender/git/checkouts/axi-10c18867bc585e38/src/axi_demux_simple.sv'.
Parsing design file '/home/bea/snitch-axi4-xbars/sc/.bender/git/checkouts/axi-10c18867bc585e38/src/axi_dw_downsizer.sv'
Parsing design file '/home/bea/snitch-axi4-xbars/sc/.bender/git/checkouts/axi-10c18867bc585e38/src/axi_dw_upsizer.sv'
Parsing design file '/home/bea/snitch-axi4-xbars/sc/.bender/git/checkouts/axi-10c18867bc585e38/src/axi_fifo.sv'
Parsing included file '/home/bea/snitch-axi4-xbars/sc/.bender/git/checkouts/axi-10c18867bc585e38/include/axi/assign.svh'.
Back to file '/home/bea/snitch-axi4-xbars/sc/.bender/git/checkouts/axi-10c18867bc585e38/src/axi_fifo.sv'.
Parsing included file '/home/bea/snitch-axi4-xbars/sc/.bender/git/checkouts/axi-10c18867bc585e38/include/axi/typedef.svh'.
Back to file '/home/bea/snitch-axi4-xbars/sc/.bender/git/checkouts/axi-10c18867bc585e38/src/axi_fifo.sv'.
Parsing design file '/home/bea/snitch-axi4-xbars/sc/.bender/git/checkouts/axi-10c18867bc585e38/src/axi_id_remap.sv'
Parsing included file '/home/bea/snitch-axi4-xbars/sc/.bender/git/checkouts/common_cells-aa028fdb314cdab0/include/common_cells/registers.svh'.
Back to file '/home/bea/snitch-axi4-xbars/sc/.bender/git/checkouts/axi-10c18867bc585e38/src/axi_id_remap.sv'.
Parsing included file '/home/bea/snitch-axi4-xbars/sc/.bender/git/checkouts/axi-10c18867bc585e38/include/axi/typedef.svh'.
Back to file '/home/bea/snitch-axi4-xbars/sc/.bender/git/checkouts/axi-10c18867bc585e38/src/axi_id_remap.sv'.
Parsing included file '/home/bea/snitch-axi4-xbars/sc/.bender/git/checkouts/axi-10c18867bc585e38/include/axi/assign.svh'.
Back to file '/home/bea/snitch-axi4-xbars/sc/.bender/git/checkouts/axi-10c18867bc585e38/src/axi_id_remap.sv'.
Parsing design file '/home/bea/snitch-axi4-xbars/sc/.bender/git/checkouts/axi-10c18867bc585e38/src/axi_id_prepend.sv'
Parsing design file '/home/bea/snitch-axi4-xbars/sc/.bender/git/checkouts/axi-10c18867bc585e38/src/axi_isolate.sv'
Parsing included file '/home/bea/snitch-axi4-xbars/sc/.bender/git/checkouts/axi-10c18867bc585e38/include/axi/typedef.svh'.
Back to file '/home/bea/snitch-axi4-xbars/sc/.bender/git/checkouts/axi-10c18867bc585e38/src/axi_isolate.sv'.
Parsing included file '/home/bea/snitch-axi4-xbars/sc/.bender/git/checkouts/common_cells-aa028fdb314cdab0/include/common_cells/registers.svh'.
Back to file '/home/bea/snitch-axi4-xbars/sc/.bender/git/checkouts/axi-10c18867bc585e38/src/axi_isolate.sv'.
Parsing included file '/home/bea/snitch-axi4-xbars/sc/.bender/git/checkouts/axi-10c18867bc585e38/include/axi/assign.svh'.
Back to file '/home/bea/snitch-axi4-xbars/sc/.bender/git/checkouts/axi-10c18867bc585e38/src/axi_isolate.sv'.
Parsing design file '/home/bea/snitch-axi4-xbars/sc/.bender/git/checkouts/axi-10c18867bc585e38/src/axi_join.sv'
Parsing included file '/home/bea/snitch-axi4-xbars/sc/.bender/git/checkouts/axi-10c18867bc585e38/include/axi/assign.svh'.
Back to file '/home/bea/snitch-axi4-xbars/sc/.bender/git/checkouts/axi-10c18867bc585e38/src/axi_join.sv'.
Parsing design file '/home/bea/snitch-axi4-xbars/sc/.bender/git/checkouts/axi-10c18867bc585e38/src/axi_lite_demux.sv'
Parsing included file '/home/bea/snitch-axi4-xbars/sc/.bender/git/checkouts/common_cells-aa028fdb314cdab0/include/common_cells/registers.svh'.
Back to file '/home/bea/snitch-axi4-xbars/sc/.bender/git/checkouts/axi-10c18867bc585e38/src/axi_lite_demux.sv'.
Parsing included file '/home/bea/snitch-axi4-xbars/sc/.bender/git/checkouts/axi-10c18867bc585e38/include/axi/assign.svh'.
Back to file '/home/bea/snitch-axi4-xbars/sc/.bender/git/checkouts/axi-10c18867bc585e38/src/axi_lite_demux.sv'.
Parsing included file '/home/bea/snitch-axi4-xbars/sc/.bender/git/checkouts/axi-10c18867bc585e38/include/axi/typedef.svh'.
Back to file '/home/bea/snitch-axi4-xbars/sc/.bender/git/checkouts/axi-10c18867bc585e38/src/axi_lite_demux.sv'.
Parsing design file '/home/bea/snitch-axi4-xbars/sc/.bender/git/checkouts/axi-10c18867bc585e38/src/axi_lite_dw_converter.sv'
Parsing included file '/home/bea/snitch-axi4-xbars/sc/.bender/git/checkouts/common_cells-aa028fdb314cdab0/include/common_cells/registers.svh'.
Back to file '/home/bea/snitch-axi4-xbars/sc/.bender/git/checkouts/axi-10c18867bc585e38/src/axi_lite_dw_converter.sv'.
Parsing included file '/home/bea/snitch-axi4-xbars/sc/.bender/git/checkouts/axi-10c18867bc585e38/include/axi/typedef.svh'.
Back to file '/home/bea/snitch-axi4-xbars/sc/.bender/git/checkouts/axi-10c18867bc585e38/src/axi_lite_dw_converter.sv'.
Parsing included file '/home/bea/snitch-axi4-xbars/sc/.bender/git/checkouts/axi-10c18867bc585e38/include/axi/assign.svh'.
Back to file '/home/bea/snitch-axi4-xbars/sc/.bender/git/checkouts/axi-10c18867bc585e38/src/axi_lite_dw_converter.sv'.
Parsing design file '/home/bea/snitch-axi4-xbars/sc/.bender/git/checkouts/axi-10c18867bc585e38/src/axi_lite_from_mem.sv'
Parsing included file '/home/bea/snitch-axi4-xbars/sc/.bender/git/checkouts/common_cells-aa028fdb314cdab0/include/common_cells/registers.svh'.
Back to file '/home/bea/snitch-axi4-xbars/sc/.bender/git/checkouts/axi-10c18867bc585e38/src/axi_lite_from_mem.sv'.
Parsing design file '/home/bea/snitch-axi4-xbars/sc/.bender/git/checkouts/axi-10c18867bc585e38/src/axi_lite_join.sv'
Parsing included file '/home/bea/snitch-axi4-xbars/sc/.bender/git/checkouts/axi-10c18867bc585e38/include/axi/assign.svh'.
Back to file '/home/bea/snitch-axi4-xbars/sc/.bender/git/checkouts/axi-10c18867bc585e38/src/axi_lite_join.sv'.
Parsing design file '/home/bea/snitch-axi4-xbars/sc/.bender/git/checkouts/axi-10c18867bc585e38/src/axi_lite_lfsr.sv'
Parsing included file '/home/bea/snitch-axi4-xbars/sc/.bender/git/checkouts/common_cells-aa028fdb314cdab0/include/common_cells/registers.svh'.
Back to file '/home/bea/snitch-axi4-xbars/sc/.bender/git/checkouts/axi-10c18867bc585e38/src/axi_lite_lfsr.sv'.
Parsing design file '/home/bea/snitch-axi4-xbars/sc/.bender/git/checkouts/axi-10c18867bc585e38/src/axi_lite_mailbox.sv'
Parsing included file '/home/bea/snitch-axi4-xbars/sc/.bender/git/checkouts/common_cells-aa028fdb314cdab0/include/common_cells/registers.svh'.
Back to file '/home/bea/snitch-axi4-xbars/sc/.bender/git/checkouts/axi-10c18867bc585e38/src/axi_lite_mailbox.sv'.
Parsing included file '/home/bea/snitch-axi4-xbars/sc/.bender/git/checkouts/axi-10c18867bc585e38/include/axi/typedef.svh'.
Back to file '/home/bea/snitch-axi4-xbars/sc/.bender/git/checkouts/axi-10c18867bc585e38/src/axi_lite_mailbox.sv'.
Parsing included file '/home/bea/snitch-axi4-xbars/sc/.bender/git/checkouts/axi-10c18867bc585e38/include/axi/assign.svh'.
Back to file '/home/bea/snitch-axi4-xbars/sc/.bender/git/checkouts/axi-10c18867bc585e38/src/axi_lite_mailbox.sv'.
Parsing design file '/home/bea/snitch-axi4-xbars/sc/.bender/git/checkouts/axi-10c18867bc585e38/src/axi_lite_mux.sv'
Parsing included file '/home/bea/snitch-axi4-xbars/sc/.bender/git/checkouts/common_cells-aa028fdb314cdab0/include/common_cells/registers.svh'.
Back to file '/home/bea/snitch-axi4-xbars/sc/.bender/git/checkouts/axi-10c18867bc585e38/src/axi_lite_mux.sv'.
Parsing included file '/home/bea/snitch-axi4-xbars/sc/.bender/git/checkouts/axi-10c18867bc585e38/include/axi/assign.svh'.
Back to file '/home/bea/snitch-axi4-xbars/sc/.bender/git/checkouts/axi-10c18867bc585e38/src/axi_lite_mux.sv'.
Parsing included file '/home/bea/snitch-axi4-xbars/sc/.bender/git/checkouts/axi-10c18867bc585e38/include/axi/typedef.svh'.
Back to file '/home/bea/snitch-axi4-xbars/sc/.bender/git/checkouts/axi-10c18867bc585e38/src/axi_lite_mux.sv'.
Parsing design file '/home/bea/snitch-axi4-xbars/sc/.bender/git/checkouts/axi-10c18867bc585e38/src/axi_lite_regs.sv'
Parsing included file '/home/bea/snitch-axi4-xbars/sc/.bender/git/checkouts/axi-10c18867bc585e38/include/axi/typedef.svh'.
Back to file '/home/bea/snitch-axi4-xbars/sc/.bender/git/checkouts/axi-10c18867bc585e38/src/axi_lite_regs.sv'.
Parsing included file '/home/bea/snitch-axi4-xbars/sc/.bender/git/checkouts/common_cells-aa028fdb314cdab0/include/common_cells/registers.svh'.
Back to file '/home/bea/snitch-axi4-xbars/sc/.bender/git/checkouts/axi-10c18867bc585e38/src/axi_lite_regs.sv'.
Parsing included file '/home/bea/snitch-axi4-xbars/sc/.bender/git/checkouts/axi-10c18867bc585e38/include/axi/assign.svh'.
Back to file '/home/bea/snitch-axi4-xbars/sc/.bender/git/checkouts/axi-10c18867bc585e38/src/axi_lite_regs.sv'.
Parsing design file '/home/bea/snitch-axi4-xbars/sc/.bender/git/checkouts/axi-10c18867bc585e38/src/axi_lite_to_apb.sv'
Parsing included file '/home/bea/snitch-axi4-xbars/sc/.bender/git/checkouts/common_cells-aa028fdb314cdab0/include/common_cells/registers.svh'.
Back to file '/home/bea/snitch-axi4-xbars/sc/.bender/git/checkouts/axi-10c18867bc585e38/src/axi_lite_to_apb.sv'.
Parsing included file '/home/bea/snitch-axi4-xbars/sc/.bender/git/checkouts/axi-10c18867bc585e38/include/axi/typedef.svh'.
Back to file '/home/bea/snitch-axi4-xbars/sc/.bender/git/checkouts/axi-10c18867bc585e38/src/axi_lite_to_apb.sv'.
Parsing included file '/home/bea/snitch-axi4-xbars/sc/.bender/git/checkouts/axi-10c18867bc585e38/include/axi/assign.svh'.
Back to file '/home/bea/snitch-axi4-xbars/sc/.bender/git/checkouts/axi-10c18867bc585e38/src/axi_lite_to_apb.sv'.
Parsing design file '/home/bea/snitch-axi4-xbars/sc/.bender/git/checkouts/axi-10c18867bc585e38/src/axi_lite_to_axi.sv'
Parsing design file '/home/bea/snitch-axi4-xbars/sc/.bender/git/checkouts/axi-10c18867bc585e38/src/axi_modify_address.sv'
Parsing included file '/home/bea/snitch-axi4-xbars/sc/.bender/git/checkouts/axi-10c18867bc585e38/include/axi/typedef.svh'.
Back to file '/home/bea/snitch-axi4-xbars/sc/.bender/git/checkouts/axi-10c18867bc585e38/src/axi_modify_address.sv'.
Parsing included file '/home/bea/snitch-axi4-xbars/sc/.bender/git/checkouts/axi-10c18867bc585e38/include/axi/assign.svh'.
Back to file '/home/bea/snitch-axi4-xbars/sc/.bender/git/checkouts/axi-10c18867bc585e38/src/axi_modify_address.sv'.
Parsing design file '/home/bea/snitch-axi4-xbars/sc/.bender/git/checkouts/axi-10c18867bc585e38/src/axi_mux.sv'
Parsing included file '/home/bea/snitch-axi4-xbars/sc/.bender/git/checkouts/common_cells-aa028fdb314cdab0/include/common_cells/assertions.svh'.
Back to file '/home/bea/snitch-axi4-xbars/sc/.bender/git/checkouts/axi-10c18867bc585e38/src/axi_mux.sv'.
Parsing included file '/home/bea/snitch-axi4-xbars/sc/.bender/git/checkouts/common_cells-aa028fdb314cdab0/include/common_cells/registers.svh'.
Back to file '/home/bea/snitch-axi4-xbars/sc/.bender/git/checkouts/axi-10c18867bc585e38/src/axi_mux.sv'.
Parsing included file '/home/bea/snitch-axi4-xbars/sc/.bender/git/checkouts/axi-10c18867bc585e38/include/axi/assign.svh'.
Back to file '/home/bea/snitch-axi4-xbars/sc/.bender/git/checkouts/axi-10c18867bc585e38/src/axi_mux.sv'.
Parsing included file '/home/bea/snitch-axi4-xbars/sc/.bender/git/checkouts/axi-10c18867bc585e38/include/axi/typedef.svh'.
Back to file '/home/bea/snitch-axi4-xbars/sc/.bender/git/checkouts/axi-10c18867bc585e38/src/axi_mux.sv'.
Parsing design file '/home/bea/snitch-axi4-xbars/sc/.bender/git/checkouts/axi-10c18867bc585e38/src/axi_rw_join.sv'
Parsing included file '/home/bea/snitch-axi4-xbars/sc/.bender/git/checkouts/axi-10c18867bc585e38/include/axi/assign.svh'.
Back to file '/home/bea/snitch-axi4-xbars/sc/.bender/git/checkouts/axi-10c18867bc585e38/src/axi_rw_join.sv'.
Parsing included file '/home/bea/snitch-axi4-xbars/sc/.bender/git/checkouts/common_cells-aa028fdb314cdab0/include/common_cells/assertions.svh'.
Back to file '/home/bea/snitch-axi4-xbars/sc/.bender/git/checkouts/axi-10c18867bc585e38/src/axi_rw_join.sv'.
Parsing design file '/home/bea/snitch-axi4-xbars/sc/.bender/git/checkouts/axi-10c18867bc585e38/src/axi_rw_split.sv'
Parsing included file '/home/bea/snitch-axi4-xbars/sc/.bender/git/checkouts/axi-10c18867bc585e38/include/axi/assign.svh'.
Back to file '/home/bea/snitch-axi4-xbars/sc/.bender/git/checkouts/axi-10c18867bc585e38/src/axi_rw_split.sv'.
Parsing included file '/home/bea/snitch-axi4-xbars/sc/.bender/git/checkouts/common_cells-aa028fdb314cdab0/include/common_cells/assertions.svh'.
Back to file '/home/bea/snitch-axi4-xbars/sc/.bender/git/checkouts/axi-10c18867bc585e38/src/axi_rw_split.sv'.
Parsing design file '/home/bea/snitch-axi4-xbars/sc/.bender/git/checkouts/axi-10c18867bc585e38/src/axi_serializer.sv'
Parsing included file '/home/bea/snitch-axi4-xbars/sc/.bender/git/checkouts/common_cells-aa028fdb314cdab0/include/common_cells/registers.svh'.
Back to file '/home/bea/snitch-axi4-xbars/sc/.bender/git/checkouts/axi-10c18867bc585e38/src/axi_serializer.sv'.
Parsing included file '/home/bea/snitch-axi4-xbars/sc/.bender/git/checkouts/axi-10c18867bc585e38/include/axi/typedef.svh'.
Back to file '/home/bea/snitch-axi4-xbars/sc/.bender/git/checkouts/axi-10c18867bc585e38/src/axi_serializer.sv'.
Parsing included file '/home/bea/snitch-axi4-xbars/sc/.bender/git/checkouts/axi-10c18867bc585e38/include/axi/assign.svh'.
Back to file '/home/bea/snitch-axi4-xbars/sc/.bender/git/checkouts/axi-10c18867bc585e38/src/axi_serializer.sv'.
Parsing design file '/home/bea/snitch-axi4-xbars/sc/.bender/git/checkouts/axi-10c18867bc585e38/src/axi_slave_compare.sv'
Parsing included file '/home/bea/snitch-axi4-xbars/sc/.bender/git/checkouts/axi-10c18867bc585e38/include/axi/assign.svh'.
Back to file '/home/bea/snitch-axi4-xbars/sc/.bender/git/checkouts/axi-10c18867bc585e38/src/axi_slave_compare.sv'.
Parsing design file '/home/bea/snitch-axi4-xbars/sc/.bender/git/checkouts/axi-10c18867bc585e38/src/axi_throttle.sv'
Parsing design file '/home/bea/snitch-axi4-xbars/sc/.bender/git/checkouts/axi-10c18867bc585e38/src/axi_to_detailed_mem.sv'
Parsing included file '/home/bea/snitch-axi4-xbars/sc/.bender/git/checkouts/common_cells-aa028fdb314cdab0/include/common_cells/registers.svh'.
Back to file '/home/bea/snitch-axi4-xbars/sc/.bender/git/checkouts/axi-10c18867bc585e38/src/axi_to_detailed_mem.sv'.
Parsing included file '/home/bea/snitch-axi4-xbars/sc/.bender/git/checkouts/axi-10c18867bc585e38/include/axi/assign.svh'.
Back to file '/home/bea/snitch-axi4-xbars/sc/.bender/git/checkouts/axi-10c18867bc585e38/src/axi_to_detailed_mem.sv'.
Parsing included file '/home/bea/snitch-axi4-xbars/sc/.bender/git/checkouts/axi-10c18867bc585e38/include/axi/typedef.svh'.
Back to file '/home/bea/snitch-axi4-xbars/sc/.bender/git/checkouts/axi-10c18867bc585e38/src/axi_to_detailed_mem.sv'.
Parsing design file '/home/bea/snitch-axi4-xbars/sc/.bender/git/checkouts/axi-10c18867bc585e38/src/axi_cdc.sv'
Parsing included file '/home/bea/snitch-axi4-xbars/sc/.bender/git/checkouts/axi-10c18867bc585e38/include/axi/assign.svh'.
Back to file '/home/bea/snitch-axi4-xbars/sc/.bender/git/checkouts/axi-10c18867bc585e38/src/axi_cdc.sv'.
Parsing included file '/home/bea/snitch-axi4-xbars/sc/.bender/git/checkouts/axi-10c18867bc585e38/include/axi/assign.svh'.
Back to file '/home/bea/snitch-axi4-xbars/sc/.bender/git/checkouts/axi-10c18867bc585e38/src/axi_cdc.sv'.
Parsing included file '/home/bea/snitch-axi4-xbars/sc/.bender/git/checkouts/axi-10c18867bc585e38/include/axi/typedef.svh'.
Back to file '/home/bea/snitch-axi4-xbars/sc/.bender/git/checkouts/axi-10c18867bc585e38/src/axi_cdc.sv'.
Parsing design file '/home/bea/snitch-axi4-xbars/sc/.bender/git/checkouts/axi-10c18867bc585e38/src/axi_demux.sv'
Parsing included file '/home/bea/snitch-axi4-xbars/sc/.bender/git/checkouts/common_cells-aa028fdb314cdab0/include/common_cells/assertions.svh'.
Back to file '/home/bea/snitch-axi4-xbars/sc/.bender/git/checkouts/axi-10c18867bc585e38/src/axi_demux.sv'.
Parsing included file '/home/bea/snitch-axi4-xbars/sc/.bender/git/checkouts/common_cells-aa028fdb314cdab0/include/common_cells/registers.svh'.
Back to file '/home/bea/snitch-axi4-xbars/sc/.bender/git/checkouts/axi-10c18867bc585e38/src/axi_demux.sv'.
Parsing included file '/home/bea/snitch-axi4-xbars/sc/.bender/git/checkouts/axi-10c18867bc585e38/include/axi/assign.svh'.
Back to file '/home/bea/snitch-axi4-xbars/sc/.bender/git/checkouts/axi-10c18867bc585e38/src/axi_demux.sv'.
Parsing included file '/home/bea/snitch-axi4-xbars/sc/.bender/git/checkouts/axi-10c18867bc585e38/include/axi/typedef.svh'.
Back to file '/home/bea/snitch-axi4-xbars/sc/.bender/git/checkouts/axi-10c18867bc585e38/src/axi_demux.sv'.
Parsing design file '/home/bea/snitch-axi4-xbars/sc/.bender/git/checkouts/axi-10c18867bc585e38/src/axi_err_slv.sv'
Parsing design file '/home/bea/snitch-axi4-xbars/sc/.bender/git/checkouts/axi-10c18867bc585e38/src/axi_dw_converter.sv'
Parsing included file '/home/bea/snitch-axi4-xbars/sc/.bender/git/checkouts/axi-10c18867bc585e38/include/axi/assign.svh'.
Back to file '/home/bea/snitch-axi4-xbars/sc/.bender/git/checkouts/axi-10c18867bc585e38/src/axi_dw_converter.sv'.
Parsing included file '/home/bea/snitch-axi4-xbars/sc/.bender/git/checkouts/axi-10c18867bc585e38/include/axi/typedef.svh'.
Back to file '/home/bea/snitch-axi4-xbars/sc/.bender/git/checkouts/axi-10c18867bc585e38/src/axi_dw_converter.sv'.
Parsing design file '/home/bea/snitch-axi4-xbars/sc/.bender/git/checkouts/axi-10c18867bc585e38/src/axi_from_mem.sv'
Parsing included file '/home/bea/snitch-axi4-xbars/sc/.bender/git/checkouts/axi-10c18867bc585e38/include/axi/typedef.svh'.
Back to file '/home/bea/snitch-axi4-xbars/sc/.bender/git/checkouts/axi-10c18867bc585e38/src/axi_from_mem.sv'.
Parsing design file '/home/bea/snitch-axi4-xbars/sc/.bender/git/checkouts/axi-10c18867bc585e38/src/axi_id_serialize.sv'
Parsing included file '/home/bea/snitch-axi4-xbars/sc/.bender/git/checkouts/axi-10c18867bc585e38/include/axi/assign.svh'.
Back to file '/home/bea/snitch-axi4-xbars/sc/.bender/git/checkouts/axi-10c18867bc585e38/src/axi_id_serialize.sv'.
Parsing included file '/home/bea/snitch-axi4-xbars/sc/.bender/git/checkouts/axi-10c18867bc585e38/include/axi/typedef.svh'.
Back to file '/home/bea/snitch-axi4-xbars/sc/.bender/git/checkouts/axi-10c18867bc585e38/src/axi_id_serialize.sv'.
Parsing design file '/home/bea/snitch-axi4-xbars/sc/.bender/git/checkouts/axi-10c18867bc585e38/src/axi_lfsr.sv'
Parsing included file '/home/bea/snitch-axi4-xbars/sc/.bender/git/checkouts/axi-10c18867bc585e38/include/axi/typedef.svh'.
Back to file '/home/bea/snitch-axi4-xbars/sc/.bender/git/checkouts/axi-10c18867bc585e38/src/axi_lfsr.sv'.
Parsing design file '/home/bea/snitch-axi4-xbars/sc/.bender/git/checkouts/axi-10c18867bc585e38/src/axi_multicut.sv'
Parsing included file '/home/bea/snitch-axi4-xbars/sc/.bender/git/checkouts/axi-10c18867bc585e38/include/axi/assign.svh'.
Back to file '/home/bea/snitch-axi4-xbars/sc/.bender/git/checkouts/axi-10c18867bc585e38/src/axi_multicut.sv'.
Parsing included file '/home/bea/snitch-axi4-xbars/sc/.bender/git/checkouts/axi-10c18867bc585e38/include/axi/typedef.svh'.
Back to file '/home/bea/snitch-axi4-xbars/sc/.bender/git/checkouts/axi-10c18867bc585e38/src/axi_multicut.sv'.
Parsing design file '/home/bea/snitch-axi4-xbars/sc/.bender/git/checkouts/axi-10c18867bc585e38/src/axi_to_axi_lite.sv'
Parsing included file '/home/bea/snitch-axi4-xbars/sc/.bender/git/checkouts/axi-10c18867bc585e38/include/axi/assign.svh'.
Back to file '/home/bea/snitch-axi4-xbars/sc/.bender/git/checkouts/axi-10c18867bc585e38/src/axi_to_axi_lite.sv'.
Parsing included file '/home/bea/snitch-axi4-xbars/sc/.bender/git/checkouts/axi-10c18867bc585e38/include/axi/typedef.svh'.
Back to file '/home/bea/snitch-axi4-xbars/sc/.bender/git/checkouts/axi-10c18867bc585e38/src/axi_to_axi_lite.sv'.
Parsing design file '/home/bea/snitch-axi4-xbars/sc/.bender/git/checkouts/axi-10c18867bc585e38/src/axi_to_mem.sv'
Parsing included file '/home/bea/snitch-axi4-xbars/sc/.bender/git/checkouts/common_cells-aa028fdb314cdab0/include/common_cells/registers.svh'.
Back to file '/home/bea/snitch-axi4-xbars/sc/.bender/git/checkouts/axi-10c18867bc585e38/src/axi_to_mem.sv'.
Parsing included file '/home/bea/snitch-axi4-xbars/sc/.bender/git/checkouts/axi-10c18867bc585e38/include/axi/assign.svh'.
Back to file '/home/bea/snitch-axi4-xbars/sc/.bender/git/checkouts/axi-10c18867bc585e38/src/axi_to_mem.sv'.
Parsing included file '/home/bea/snitch-axi4-xbars/sc/.bender/git/checkouts/axi-10c18867bc585e38/include/axi/typedef.svh'.
Back to file '/home/bea/snitch-axi4-xbars/sc/.bender/git/checkouts/axi-10c18867bc585e38/src/axi_to_mem.sv'.
Parsing design file '/home/bea/snitch-axi4-xbars/sc/.bender/git/checkouts/axi-10c18867bc585e38/src/axi_zero_mem.sv'
Parsing included file '/home/bea/snitch-axi4-xbars/sc/.bender/git/checkouts/common_cells-aa028fdb314cdab0/include/common_cells/registers.svh'.
Back to file '/home/bea/snitch-axi4-xbars/sc/.bender/git/checkouts/axi-10c18867bc585e38/src/axi_zero_mem.sv'.
Parsing design file '/home/bea/snitch-axi4-xbars/sc/.bender/git/checkouts/axi-10c18867bc585e38/src/axi_interleaved_xbar.sv'
Parsing included file '/home/bea/snitch-axi4-xbars/sc/.bender/git/checkouts/axi-10c18867bc585e38/include/axi/assign.svh'.
Back to file '/home/bea/snitch-axi4-xbars/sc/.bender/git/checkouts/axi-10c18867bc585e38/src/axi_interleaved_xbar.sv'.
Parsing included file '/home/bea/snitch-axi4-xbars/sc/.bender/git/checkouts/axi-10c18867bc585e38/include/axi/typedef.svh'.
Back to file '/home/bea/snitch-axi4-xbars/sc/.bender/git/checkouts/axi-10c18867bc585e38/src/axi_interleaved_xbar.sv'.
Parsing design file '/home/bea/snitch-axi4-xbars/sc/.bender/git/checkouts/axi-10c18867bc585e38/src/axi_iw_converter.sv'
Parsing included file '/home/bea/snitch-axi4-xbars/sc/.bender/git/checkouts/axi-10c18867bc585e38/include/axi/typedef.svh'.
Back to file '/home/bea/snitch-axi4-xbars/sc/.bender/git/checkouts/axi-10c18867bc585e38/src/axi_iw_converter.sv'.
Parsing included file '/home/bea/snitch-axi4-xbars/sc/.bender/git/checkouts/axi-10c18867bc585e38/include/axi/assign.svh'.
Back to file '/home/bea/snitch-axi4-xbars/sc/.bender/git/checkouts/axi-10c18867bc585e38/src/axi_iw_converter.sv'.
Parsing design file '/home/bea/snitch-axi4-xbars/sc/.bender/git/checkouts/axi-10c18867bc585e38/src/axi_lite_xbar.sv'
Parsing included file '/home/bea/snitch-axi4-xbars/sc/.bender/git/checkouts/axi-10c18867bc585e38/include/axi/typedef.svh'.
Back to file '/home/bea/snitch-axi4-xbars/sc/.bender/git/checkouts/axi-10c18867bc585e38/src/axi_lite_xbar.sv'.
Parsing included file '/home/bea/snitch-axi4-xbars/sc/.bender/git/checkouts/axi-10c18867bc585e38/include/axi/assign.svh'.
Back to file '/home/bea/snitch-axi4-xbars/sc/.bender/git/checkouts/axi-10c18867bc585e38/src/axi_lite_xbar.sv'.
Parsing design file '/home/bea/snitch-axi4-xbars/sc/.bender/git/checkouts/axi-10c18867bc585e38/src/axi_xbar_unmuxed.sv'
Parsing included file '/home/bea/snitch-axi4-xbars/sc/.bender/git/checkouts/axi-10c18867bc585e38/include/axi/assign.svh'.
Back to file '/home/bea/snitch-axi4-xbars/sc/.bender/git/checkouts/axi-10c18867bc585e38/src/axi_xbar_unmuxed.sv'.
Parsing included file '/home/bea/snitch-axi4-xbars/sc/.bender/git/checkouts/axi-10c18867bc585e38/include/axi/typedef.svh'.
Back to file '/home/bea/snitch-axi4-xbars/sc/.bender/git/checkouts/axi-10c18867bc585e38/src/axi_xbar_unmuxed.sv'.
Parsing design file '/home/bea/snitch-axi4-xbars/sc/.bender/git/checkouts/axi-10c18867bc585e38/src/axi_to_mem_banked.sv'
Parsing included file '/home/bea/snitch-axi4-xbars/sc/.bender/git/checkouts/axi-10c18867bc585e38/include/axi/typedef.svh'.
Back to file '/home/bea/snitch-axi4-xbars/sc/.bender/git/checkouts/axi-10c18867bc585e38/src/axi_to_mem_banked.sv'.
Parsing included file '/home/bea/snitch-axi4-xbars/sc/.bender/git/checkouts/axi-10c18867bc585e38/include/axi/assign.svh'.
Back to file '/home/bea/snitch-axi4-xbars/sc/.bender/git/checkouts/axi-10c18867bc585e38/src/axi_to_mem_banked.sv'.
Parsing design file '/home/bea/snitch-axi4-xbars/sc/.bender/git/checkouts/axi-10c18867bc585e38/src/axi_to_mem_interleaved.sv'
Parsing included file '/home/bea/snitch-axi4-xbars/sc/.bender/git/checkouts/axi-10c18867bc585e38/include/axi/typedef.svh'.
Back to file '/home/bea/snitch-axi4-xbars/sc/.bender/git/checkouts/axi-10c18867bc585e38/src/axi_to_mem_interleaved.sv'.
Parsing included file '/home/bea/snitch-axi4-xbars/sc/.bender/git/checkouts/axi-10c18867bc585e38/include/axi/assign.svh'.
Back to file '/home/bea/snitch-axi4-xbars/sc/.bender/git/checkouts/axi-10c18867bc585e38/src/axi_to_mem_interleaved.sv'.
Parsing design file '/home/bea/snitch-axi4-xbars/sc/.bender/git/checkouts/axi-10c18867bc585e38/src/axi_to_mem_split.sv'
Parsing included file '/home/bea/snitch-axi4-xbars/sc/.bender/git/checkouts/axi-10c18867bc585e38/include/axi/assign.svh'.
Back to file '/home/bea/snitch-axi4-xbars/sc/.bender/git/checkouts/axi-10c18867bc585e38/src/axi_to_mem_split.sv'.
Parsing included file '/home/bea/snitch-axi4-xbars/sc/.bender/git/checkouts/axi-10c18867bc585e38/include/axi/typedef.svh'.
Back to file '/home/bea/snitch-axi4-xbars/sc/.bender/git/checkouts/axi-10c18867bc585e38/src/axi_to_mem_split.sv'.
Parsing design file '/home/bea/snitch-axi4-xbars/sc/.bender/git/checkouts/axi-10c18867bc585e38/src/axi_xbar.sv'
Parsing included file '/home/bea/snitch-axi4-xbars/sc/.bender/git/checkouts/axi-10c18867bc585e38/include/axi/assign.svh'.
Back to file '/home/bea/snitch-axi4-xbars/sc/.bender/git/checkouts/axi-10c18867bc585e38/src/axi_xbar.sv'.
Parsing included file '/home/bea/snitch-axi4-xbars/sc/.bender/git/checkouts/axi-10c18867bc585e38/include/axi/typedef.svh'.
Back to file '/home/bea/snitch-axi4-xbars/sc/.bender/git/checkouts/axi-10c18867bc585e38/src/axi_xbar.sv'.
Parsing design file '/home/bea/snitch-axi4-xbars/sc/.bender/git/checkouts/axi-10c18867bc585e38/src/axi_xp.sv'
Parsing included file '/home/bea/snitch-axi4-xbars/sc/.bender/git/checkouts/axi-10c18867bc585e38/include/axi/typedef.svh'.
Back to file '/home/bea/snitch-axi4-xbars/sc/.bender/git/checkouts/axi-10c18867bc585e38/src/axi_xp.sv'.
Parsing included file '/home/bea/snitch-axi4-xbars/sc/.bender/git/checkouts/axi-10c18867bc585e38/include/axi/assign.svh'.
Back to file '/home/bea/snitch-axi4-xbars/sc/.bender/git/checkouts/axi-10c18867bc585e38/src/axi_xp.sv'.
Parsing included file '/home/bea/snitch-axi4-xbars/sc/.bender/git/checkouts/axi-10c18867bc585e38/include/axi/typedef.svh'.
Back to file '/home/bea/snitch-axi4-xbars/sc/.bender/git/checkouts/axi-10c18867bc585e38/src/axi_xp.sv'.
CPU time: .648 seconds to compile

Warning-[LNX_OS_VERUN] Unsupported Linux version
  Linux version 'AlmaLinux release 9.8 (Olive Jaguar)' is not supported on 
  'x86_64' officially, assuming linux compatibility by default. Set 
  VCS_ARCH_OVERRIDE to linux or suse32 to override.
  Please refer to release notes for information on supported platforms.

                         Chronologic VCS (TM)
        Version W-2024.09-1_Full64 -- Tue Sep 29 17:03:44 2026

                    Copyright (c) 1991 - 2024 Synopsys, Inc.
   This software and the associated documentation are proprietary to Synopsys,
 Inc. This software may only be used in accordance with the terms and conditions
 of a written license agreement with Synopsys, Inc. All other use, reproduction,
   or distribution of this software is strictly prohibited.  Licensed Products
     communicate with Synopsys servers for the purpose of providing software
    updates, detecting software piracy and verifying that customers are using
    Licensed Products in conformity with the applicable License Key for such
  Licensed Products. Synopsys will use information gathered in connection with
    this process to deliver software updates and pursue software pirates and
                                   infringers.

 Inclusivity & Diversity - Visit SolvNetPlus to read the "Synopsys Statement on
            Inclusivity and Diversity" (Refer to article 000036315 at
                        https://solvnetplus.synopsys.com)

Parsing design file '/home/bea/snitch-axi4-xbars/sc/.bender/git/checkouts/axi-10c18867bc585e38/src/axi_chan_compare.sv'
Parsing design file '/home/bea/snitch-axi4-xbars/sc/.bender/git/checkouts/axi-10c18867bc585e38/src/axi_dumper.sv'
Parsing included file '/home/bea/snitch-axi4-xbars/sc/.bender/git/checkouts/axi-10c18867bc585e38/include/axi/assign.svh'.
Back to file '/home/bea/snitch-axi4-xbars/sc/.bender/git/checkouts/axi-10c18867bc585e38/src/axi_dumper.sv'.
Parsing included file '/home/bea/snitch-axi4-xbars/sc/.bender/git/checkouts/axi-10c18867bc585e38/include/axi/typedef.svh'.
Back to file '/home/bea/snitch-axi4-xbars/sc/.bender/git/checkouts/axi-10c18867bc585e38/src/axi_dumper.sv'.
Parsing design file '/home/bea/snitch-axi4-xbars/sc/.bender/git/checkouts/axi-10c18867bc585e38/src/axi_sim_mem.sv'
Parsing included file '/home/bea/snitch-axi4-xbars/sc/.bender/git/checkouts/axi-10c18867bc585e38/include/axi/typedef.svh'.
Back to file '/home/bea/snitch-axi4-xbars/sc/.bender/git/checkouts/axi-10c18867bc585e38/src/axi_sim_mem.sv'.
Parsing included file '/home/bea/snitch-axi4-xbars/sc/.bender/git/checkouts/axi-10c18867bc585e38/include/axi/assign.svh'.
Back to file '/home/bea/snitch-axi4-xbars/sc/.bender/git/checkouts/axi-10c18867bc585e38/src/axi_sim_mem.sv'.
Parsing design file '/home/bea/snitch-axi4-xbars/sc/.bender/git/checkouts/axi-10c18867bc585e38/src/axi_test.sv'
CPU time: .299 seconds to compile

Warning-[LNX_OS_VERUN] Unsupported Linux version
  Linux version 'AlmaLinux release 9.8 (Olive Jaguar)' is not supported on 
  'x86_64' officially, assuming linux compatibility by default. Set 
  VCS_ARCH_OVERRIDE to linux or suse32 to override.
  Please refer to release notes for information on supported platforms.

                         Chronologic VCS (TM)
        Version W-2024.09-1_Full64 -- Tue Sep 29 17:03:45 2026

                    Copyright (c) 1991 - 2024 Synopsys, Inc.
   This software and the associated documentation are proprietary to Synopsys,
 Inc. This software may only be used in accordance with the terms and conditions
 of a written license agreement with Synopsys, Inc. All other use, reproduction,
   or distribution of this software is strictly prohibited.  Licensed Products
     communicate with Synopsys servers for the purpose of providing software
    updates, detecting software piracy and verifying that customers are using
    Licensed Products in conformity with the applicable License Key for such
  Licensed Products. Synopsys will use information gathered in connection with
    this process to deliver software updates and pursue software pirates and
                                   infringers.

 Inclusivity & Diversity - Visit SolvNetPlus to read the "Synopsys Statement on
            Inclusivity and Diversity" (Refer to article 000036315 at
                        https://solvnetplus.synopsys.com)

Parsing design file '/home/bea/snitch-axi4-xbars/sc/.bender/git/checkouts/axi-10c18867bc585e38/test/tb_axi_dw_pkg.sv'
Parsing design file '/home/bea/snitch-axi4-xbars/sc/.bender/git/checkouts/axi-10c18867bc585e38/test/tb_axi_xbar_pkg.sv'
CPU time: .279 seconds to compile

Warning-[LNX_OS_VERUN] Unsupported Linux version
  Linux version 'AlmaLinux release 9.8 (Olive Jaguar)' is not supported on 
  'x86_64' officially, assuming linux compatibility by default. Set 
  VCS_ARCH_OVERRIDE to linux or suse32 to override.
  Please refer to release notes for information on supported platforms.

                         Chronologic VCS (TM)
        Version W-2024.09-1_Full64 -- Tue Sep 29 17:03:46 2026

                    Copyright (c) 1991 - 2024 Synopsys, Inc.
   This software and the associated documentation are proprietary to Synopsys,
 Inc. This software may only be used in accordance with the terms and conditions
 of a written license agreement with Synopsys, Inc. All other use, reproduction,
   or distribution of this software is strictly prohibited.  Licensed Products
     communicate with Synopsys servers for the purpose of providing software
    updates, detecting software piracy and verifying that customers are using
    Licensed Products in conformity with the applicable License Key for such
  Licensed Products. Synopsys will use information gathered in connection with
    this process to deliver software updates and pursue software pirates and
                                   infringers.

 Inclusivity & Diversity - Visit SolvNetPlus to read the "Synopsys Statement on
            Inclusivity and Diversity" (Refer to article 000036315 at
                        https://solvnetplus.synopsys.com)

Parsing design file '/home/bea/snitch-axi4-xbars/sc/.bender/git/checkouts/axi_stream-8730fb4f6af32dfe/src/axi_stream_intf.sv'
Parsing design file '/home/bea/snitch-axi4-xbars/sc/.bender/git/checkouts/axi_stream-8730fb4f6af32dfe/src/axi_stream_cut.sv'
Parsing included file '/home/bea/snitch-axi4-xbars/sc/.bender/git/checkouts/axi_stream-8730fb4f6af32dfe/include/axi_stream/assign.svh'.
Back to file '/home/bea/snitch-axi4-xbars/sc/.bender/git/checkouts/axi_stream-8730fb4f6af32dfe/src/axi_stream_cut.sv'.
Parsing included file '/home/bea/snitch-axi4-xbars/sc/.bender/git/checkouts/axi_stream-8730fb4f6af32dfe/include/axi_stream/typedef.svh'.
Back to file '/home/bea/snitch-axi4-xbars/sc/.bender/git/checkouts/axi_stream-8730fb4f6af32dfe/src/axi_stream_cut.sv'.
Parsing design file '/home/bea/snitch-axi4-xbars/sc/.bender/git/checkouts/axi_stream-8730fb4f6af32dfe/src/axi_stream_dw_downsizer.sv'
Parsing included file '/home/bea/snitch-axi4-xbars/sc/.bender/git/checkouts/axi_stream-8730fb4f6af32dfe/include/axi_stream/assign.svh'.
Back to file '/home/bea/snitch-axi4-xbars/sc/.bender/git/checkouts/axi_stream-8730fb4f6af32dfe/src/axi_stream_dw_downsizer.sv'.
Parsing included file '/home/bea/snitch-axi4-xbars/sc/.bender/git/checkouts/axi_stream-8730fb4f6af32dfe/include/axi_stream/typedef.svh'.
Back to file '/home/bea/snitch-axi4-xbars/sc/.bender/git/checkouts/axi_stream-8730fb4f6af32dfe/src/axi_stream_dw_downsizer.sv'.
Parsing design file '/home/bea/snitch-axi4-xbars/sc/.bender/git/checkouts/axi_stream-8730fb4f6af32dfe/src/axi_stream_dw_upsizer.sv'
Parsing included file '/home/bea/snitch-axi4-xbars/sc/.bender/git/checkouts/axi_stream-8730fb4f6af32dfe/include/axi_stream/assign.svh'.
Back to file '/home/bea/snitch-axi4-xbars/sc/.bender/git/checkouts/axi_stream-8730fb4f6af32dfe/src/axi_stream_dw_upsizer.sv'.
Parsing included file '/home/bea/snitch-axi4-xbars/sc/.bender/git/checkouts/axi_stream-8730fb4f6af32dfe/include/axi_stream/typedef.svh'.
Back to file '/home/bea/snitch-axi4-xbars/sc/.bender/git/checkouts/axi_stream-8730fb4f6af32dfe/src/axi_stream_dw_upsizer.sv'.
Parsing design file '/home/bea/snitch-axi4-xbars/sc/.bender/git/checkouts/axi_stream-8730fb4f6af32dfe/src/axi_stream_multicut.sv'
Parsing included file '/home/bea/snitch-axi4-xbars/sc/.bender/git/checkouts/axi_stream-8730fb4f6af32dfe/include/axi_stream/assign.svh'.
Back to file '/home/bea/snitch-axi4-xbars/sc/.bender/git/checkouts/axi_stream-8730fb4f6af32dfe/src/axi_stream_multicut.sv'.
Parsing included file '/home/bea/snitch-axi4-xbars/sc/.bender/git/checkouts/axi_stream-8730fb4f6af32dfe/include/axi_stream/typedef.svh'.
Back to file '/home/bea/snitch-axi4-xbars/sc/.bender/git/checkouts/axi_stream-8730fb4f6af32dfe/src/axi_stream_multicut.sv'.
CPU time: .262 seconds to compile

Warning-[LNX_OS_VERUN] Unsupported Linux version
  Linux version 'AlmaLinux release 9.8 (Olive Jaguar)' is not supported on 
  'x86_64' officially, assuming linux compatibility by default. Set 
  VCS_ARCH_OVERRIDE to linux or suse32 to override.
  Please refer to release notes for information on supported platforms.

                         Chronologic VCS (TM)
        Version W-2024.09-1_Full64 -- Tue Sep 29 17:03:47 2026

                    Copyright (c) 1991 - 2024 Synopsys, Inc.
   This software and the associated documentation are proprietary to Synopsys,
 Inc. This software may only be used in accordance with the terms and conditions
 of a written license agreement with Synopsys, Inc. All other use, reproduction,
   or distribution of this software is strictly prohibited.  Licensed Products
     communicate with Synopsys servers for the purpose of providing software
    updates, detecting software piracy and verifying that customers are using
    Licensed Products in conformity with the applicable License Key for such
  Licensed Products. Synopsys will use information gathered in connection with
    this process to deliver software updates and pursue software pirates and
                                   infringers.

 Inclusivity & Diversity - Visit SolvNetPlus to read the "Synopsys Statement on
            Inclusivity and Diversity" (Refer to article 000036315 at
                        https://solvnetplus.synopsys.com)

Parsing design file '/home/bea/snitch-axi4-xbars/sc/.bender/git/checkouts/axi_stream-8730fb4f6af32dfe/test/axi_stream_test.sv'
CPU time: .238 seconds to compile

Warning-[LNX_OS_VERUN] Unsupported Linux version
  Linux version 'AlmaLinux release 9.8 (Olive Jaguar)' is not supported on 
  'x86_64' officially, assuming linux compatibility by default. Set 
  VCS_ARCH_OVERRIDE to linux or suse32 to override.
  Please refer to release notes for information on supported platforms.

                         Chronologic VCS (TM)
        Version W-2024.09-1_Full64 -- Tue Sep 29 17:03:48 2026

                    Copyright (c) 1991 - 2024 Synopsys, Inc.
   This software and the associated documentation are proprietary to Synopsys,
 Inc. This software may only be used in accordance with the terms and conditions
 of a written license agreement with Synopsys, Inc. All other use, reproduction,
   or distribution of this software is strictly prohibited.  Licensed Products
     communicate with Synopsys servers for the purpose of providing software
    updates, detecting software piracy and verifying that customers are using
    Licensed Products in conformity with the applicable License Key for such
  Licensed Products. Synopsys will use information gathered in connection with
    this process to deliver software updates and pursue software pirates and
                                   infringers.

 Inclusivity & Diversity - Visit SolvNetPlus to read the "Synopsys Statement on
            Inclusivity and Diversity" (Refer to article 000036315 at
                        https://solvnetplus.synopsys.com)

Parsing design file '/home/bea/snitch-axi4-xbars/sc/.bender/git/checkouts/fpu_div_sqrt_mvp-ca8b2349afb6712f/hdl/defs_div_sqrt_mvp.sv'
Parsing design file '/home/bea/snitch-axi4-xbars/sc/.bender/git/checkouts/fpu_div_sqrt_mvp-ca8b2349afb6712f/hdl/iteration_div_sqrt_mvp.sv'
Parsing design file '/home/bea/snitch-axi4-xbars/sc/.bender/git/checkouts/fpu_div_sqrt_mvp-ca8b2349afb6712f/hdl/control_mvp.sv'
Parsing design file '/home/bea/snitch-axi4-xbars/sc/.bender/git/checkouts/fpu_div_sqrt_mvp-ca8b2349afb6712f/hdl/norm_div_sqrt_mvp.sv'

Note-[SV-LCM-PPWI] Package previously wildcard imported
/home/bea/snitch-axi4-xbars/sc/.bender/git/checkouts/fpu_div_sqrt_mvp-ca8b2349afb6712f/hdl/norm_div_sqrt_mvp.sv, 44
$unit
  Package 'defs_div_sqrt_mvp' already wildcard imported. 
  Ignoring defs_div_sqrt_mvp::*
  See the SystemVerilog LRM(1800-2005), section 19.2.1.

Parsing design file '/home/bea/snitch-axi4-xbars/sc/.bender/git/checkouts/fpu_div_sqrt_mvp-ca8b2349afb6712f/hdl/preprocess_mvp.sv'

Note-[SV-LCM-PPWI] Package previously wildcard imported
/home/bea/snitch-axi4-xbars/sc/.bender/git/checkouts/fpu_div_sqrt_mvp-ca8b2349afb6712f/hdl/preprocess_mvp.sv, 35
$unit
  Package 'defs_div_sqrt_mvp' already wildcard imported. 
  Ignoring defs_div_sqrt_mvp::*
  See the SystemVerilog LRM(1800-2005), section 19.2.1.

Parsing design file '/home/bea/snitch-axi4-xbars/sc/.bender/git/checkouts/fpu_div_sqrt_mvp-ca8b2349afb6712f/hdl/nrbd_nrsc_mvp.sv'

Note-[SV-LCM-PPWI] Package previously wildcard imported
/home/bea/snitch-axi4-xbars/sc/.bender/git/checkouts/fpu_div_sqrt_mvp-ca8b2349afb6712f/hdl/nrbd_nrsc_mvp.sv, 34
$unit
  Package 'defs_div_sqrt_mvp' already wildcard imported. 
  Ignoring defs_div_sqrt_mvp::*
  See the SystemVerilog LRM(1800-2005), section 19.2.1.

Parsing design file '/home/bea/snitch-axi4-xbars/sc/.bender/git/checkouts/fpu_div_sqrt_mvp-ca8b2349afb6712f/hdl/div_sqrt_top_mvp.sv'

Note-[SV-LCM-PPWI] Package previously wildcard imported
/home/bea/snitch-axi4-xbars/sc/.bender/git/checkouts/fpu_div_sqrt_mvp-ca8b2349afb6712f/hdl/div_sqrt_top_mvp.sv, 35
$unit
  Package 'defs_div_sqrt_mvp' already wildcard imported. 
  Ignoring defs_div_sqrt_mvp::*
  See the SystemVerilog LRM(1800-2005), section 19.2.1.

Parsing design file '/home/bea/snitch-axi4-xbars/sc/.bender/git/checkouts/fpu_div_sqrt_mvp-ca8b2349afb6712f/hdl/div_sqrt_mvp_wrapper.sv'

Note-[SV-LCM-PPWI] Package previously wildcard imported
/home/bea/snitch-axi4-xbars/sc/.bender/git/checkouts/fpu_div_sqrt_mvp-ca8b2349afb6712f/hdl/div_sqrt_mvp_wrapper.sv, 39
$unit
  Package 'defs_div_sqrt_mvp' already wildcard imported. 
  Ignoring defs_div_sqrt_mvp::*
  See the SystemVerilog LRM(1800-2005), section 19.2.1.

CPU time: .293 seconds to compile

Warning-[LNX_OS_VERUN] Unsupported Linux version
  Linux version 'AlmaLinux release 9.8 (Olive Jaguar)' is not supported on 
  'x86_64' officially, assuming linux compatibility by default. Set 
  VCS_ARCH_OVERRIDE to linux or suse32 to override.
  Please refer to release notes for information on supported platforms.

                         Chronologic VCS (TM)
        Version W-2024.09-1_Full64 -- Tue Sep 29 17:03:49 2026

                    Copyright (c) 1991 - 2024 Synopsys, Inc.
   This software and the associated documentation are proprietary to Synopsys,
 Inc. This software may only be used in accordance with the terms and conditions
 of a written license agreement with Synopsys, Inc. All other use, reproduction,
   or distribution of this software is strictly prohibited.  Licensed Products
     communicate with Synopsys servers for the purpose of providing software
    updates, detecting software piracy and verifying that customers are using
    Licensed Products in conformity with the applicable License Key for such
  Licensed Products. Synopsys will use information gathered in connection with
    this process to deliver software updates and pursue software pirates and
                                   infringers.

 Inclusivity & Diversity - Visit SolvNetPlus to read the "Synopsys Statement on
            Inclusivity and Diversity" (Refer to article 000036315 at
                        https://solvnetplus.synopsys.com)

Parsing design file '/home/bea/snitch-axi4-xbars/sc/.bender/git/checkouts/obi-a325e74505580874/src/obi_pkg.sv'
Parsing design file '/home/bea/snitch-axi4-xbars/sc/.bender/git/checkouts/obi-a325e74505580874/src/obi_intf.sv'
Parsing design file '/home/bea/snitch-axi4-xbars/sc/.bender/git/checkouts/obi-a325e74505580874/src/obi_rready_converter.sv'
Parsing design file '/home/bea/snitch-axi4-xbars/sc/.bender/git/checkouts/obi-a325e74505580874/src/obi_atop_resolver.sv'
Parsing included file '/home/bea/snitch-axi4-xbars/sc/.bender/git/checkouts/common_cells-aa028fdb314cdab0/include/common_cells/registers.svh'.
Back to file '/home/bea/snitch-axi4-xbars/sc/.bender/git/checkouts/obi-a325e74505580874/src/obi_atop_resolver.sv'.
Parsing included file '/home/bea/snitch-axi4-xbars/sc/.bender/git/checkouts/obi-a325e74505580874/include/obi/typedef.svh'.
Back to file '/home/bea/snitch-axi4-xbars/sc/.bender/git/checkouts/obi-a325e74505580874/src/obi_atop_resolver.sv'.
Parsing included file '/home/bea/snitch-axi4-xbars/sc/.bender/git/checkouts/obi-a325e74505580874/include/obi/assign.svh'.
Back to file '/home/bea/snitch-axi4-xbars/sc/.bender/git/checkouts/obi-a325e74505580874/src/obi_atop_resolver.sv'.
Parsing design file '/home/bea/snitch-axi4-xbars/sc/.bender/git/checkouts/obi-a325e74505580874/src/obi_cut.sv'
Parsing design file '/home/bea/snitch-axi4-xbars/sc/.bender/git/checkouts/obi-a325e74505580874/src/obi_demux.sv'
Parsing included file '/home/bea/snitch-axi4-xbars/sc/.bender/git/checkouts/obi-a325e74505580874/include/obi/typedef.svh'.
Back to file '/home/bea/snitch-axi4-xbars/sc/.bender/git/checkouts/obi-a325e74505580874/src/obi_demux.sv'.
Parsing included file '/home/bea/snitch-axi4-xbars/sc/.bender/git/checkouts/obi-a325e74505580874/include/obi/assign.svh'.
Back to file '/home/bea/snitch-axi4-xbars/sc/.bender/git/checkouts/obi-a325e74505580874/src/obi_demux.sv'.
Parsing design file '/home/bea/snitch-axi4-xbars/sc/.bender/git/checkouts/obi-a325e74505580874/src/obi_err_sbr.sv'
Parsing included file '/home/bea/snitch-axi4-xbars/sc/.bender/git/checkouts/obi-a325e74505580874/include/obi/typedef.svh'.
Back to file '/home/bea/snitch-axi4-xbars/sc/.bender/git/checkouts/obi-a325e74505580874/src/obi_err_sbr.sv'.
Parsing included file '/home/bea/snitch-axi4-xbars/sc/.bender/git/checkouts/obi-a325e74505580874/include/obi/assign.svh'.
Back to file '/home/bea/snitch-axi4-xbars/sc/.bender/git/checkouts/obi-a325e74505580874/src/obi_err_sbr.sv'.
Parsing design file '/home/bea/snitch-axi4-xbars/sc/.bender/git/checkouts/obi-a325e74505580874/src/obi_mux.sv'
Parsing included file '/home/bea/snitch-axi4-xbars/sc/.bender/git/checkouts/obi-a325e74505580874/include/obi/assign.svh'.
Back to file '/home/bea/snitch-axi4-xbars/sc/.bender/git/checkouts/obi-a325e74505580874/src/obi_mux.sv'.
Parsing included file '/home/bea/snitch-axi4-xbars/sc/.bender/git/checkouts/obi-a325e74505580874/include/obi/typedef.svh'.
Back to file '/home/bea/snitch-axi4-xbars/sc/.bender/git/checkouts/obi-a325e74505580874/src/obi_mux.sv'.
Parsing design file '/home/bea/snitch-axi4-xbars/sc/.bender/git/checkouts/obi-a325e74505580874/src/obi_sram_shim.sv'
Parsing design file '/home/bea/snitch-axi4-xbars/sc/.bender/git/checkouts/obi-a325e74505580874/src/obi_xbar.sv'
Parsing included file '/home/bea/snitch-axi4-xbars/sc/.bender/git/checkouts/obi-a325e74505580874/include/obi/typedef.svh'.
Back to file '/home/bea/snitch-axi4-xbars/sc/.bender/git/checkouts/obi-a325e74505580874/src/obi_xbar.sv'.
Parsing included file '/home/bea/snitch-axi4-xbars/sc/.bender/git/checkouts/obi-a325e74505580874/include/obi/assign.svh'.
Back to file '/home/bea/snitch-axi4-xbars/sc/.bender/git/checkouts/obi-a325e74505580874/src/obi_xbar.sv'.
CPU time: .330 seconds to compile

Warning-[LNX_OS_VERUN] Unsupported Linux version
  Linux version 'AlmaLinux release 9.8 (Olive Jaguar)' is not supported on 
  'x86_64' officially, assuming linux compatibility by default. Set 
  VCS_ARCH_OVERRIDE to linux or suse32 to override.
  Please refer to release notes for information on supported platforms.

                         Chronologic VCS (TM)
        Version W-2024.09-1_Full64 -- Tue Sep 29 17:03:50 2026

                    Copyright (c) 1991 - 2024 Synopsys, Inc.
   This software and the associated documentation are proprietary to Synopsys,
 Inc. This software may only be used in accordance with the terms and conditions
 of a written license agreement with Synopsys, Inc. All other use, reproduction,
   or distribution of this software is strictly prohibited.  Licensed Products
     communicate with Synopsys servers for the purpose of providing software
    updates, detecting software piracy and verifying that customers are using
    Licensed Products in conformity with the applicable License Key for such
  Licensed Products. Synopsys will use information gathered in connection with
    this process to deliver software updates and pursue software pirates and
                                   infringers.

 Inclusivity & Diversity - Visit SolvNetPlus to read the "Synopsys Statement on
            Inclusivity and Diversity" (Refer to article 000036315 at
                        https://solvnetplus.synopsys.com)

Parsing design file '/home/bea/snitch-axi4-xbars/sc/.bender/git/checkouts/obi-a325e74505580874/src/test/obi_asserter.sv'
Parsing included file '/home/bea/snitch-axi4-xbars/sc/.bender/git/checkouts/common_cells-aa028fdb314cdab0/include/common_cells/assertions.svh'.
Back to file '/home/bea/snitch-axi4-xbars/sc/.bender/git/checkouts/obi-a325e74505580874/src/test/obi_asserter.sv'.
Parsing design file '/home/bea/snitch-axi4-xbars/sc/.bender/git/checkouts/obi-a325e74505580874/src/test/obi_test.sv'
Parsing design file '/home/bea/snitch-axi4-xbars/sc/.bender/git/checkouts/obi-a325e74505580874/src/test/obi_sim_mem.sv'
Parsing included file '/home/bea/snitch-axi4-xbars/sc/.bender/git/checkouts/obi-a325e74505580874/include/obi/typedef.svh'.
Back to file '/home/bea/snitch-axi4-xbars/sc/.bender/git/checkouts/obi-a325e74505580874/src/test/obi_sim_mem.sv'.
Parsing included file '/home/bea/snitch-axi4-xbars/sc/.bender/git/checkouts/obi-a325e74505580874/include/obi/assign.svh'.
Back to file '/home/bea/snitch-axi4-xbars/sc/.bender/git/checkouts/obi-a325e74505580874/src/test/obi_sim_mem.sv'.
Parsing design file '/home/bea/snitch-axi4-xbars/sc/.bender/git/checkouts/obi-a325e74505580874/src/test/tb_obi_xbar.sv'
Parsing included file '/home/bea/snitch-axi4-xbars/sc/.bender/git/checkouts/obi-a325e74505580874/include/obi/typedef.svh'.
Back to file '/home/bea/snitch-axi4-xbars/sc/.bender/git/checkouts/obi-a325e74505580874/src/test/tb_obi_xbar.sv'.
Parsing included file '/home/bea/snitch-axi4-xbars/sc/.bender/git/checkouts/obi-a325e74505580874/include/obi/assign.svh'.
Back to file '/home/bea/snitch-axi4-xbars/sc/.bender/git/checkouts/obi-a325e74505580874/src/test/tb_obi_xbar.sv'.
Parsing design file '/home/bea/snitch-axi4-xbars/sc/.bender/git/checkouts/obi-a325e74505580874/src/test/atop_golden_mem_pkg.sv'
Parsing design file '/home/bea/snitch-axi4-xbars/sc/.bender/git/checkouts/obi-a325e74505580874/src/test/tb_obi_atop_resolver.sv'
Parsing included file '/home/bea/snitch-axi4-xbars/sc/.bender/git/checkouts/obi-a325e74505580874/include/obi/typedef.svh'.
Back to file '/home/bea/snitch-axi4-xbars/sc/.bender/git/checkouts/obi-a325e74505580874/src/test/tb_obi_atop_resolver.sv'.
Parsing included file '/home/bea/snitch-axi4-xbars/sc/.bender/git/checkouts/obi-a325e74505580874/include/obi/assign.svh'.
Back to file '/home/bea/snitch-axi4-xbars/sc/.bender/git/checkouts/obi-a325e74505580874/src/test/tb_obi_atop_resolver.sv'.
CPU time: .281 seconds to compile

Warning-[LNX_OS_VERUN] Unsupported Linux version
  Linux version 'AlmaLinux release 9.8 (Olive Jaguar)' is not supported on 
  'x86_64' officially, assuming linux compatibility by default. Set 
  VCS_ARCH_OVERRIDE to linux or suse32 to override.
  Please refer to release notes for information on supported platforms.

                         Chronologic VCS (TM)
        Version W-2024.09-1_Full64 -- Tue Sep 29 17:03:51 2026

                    Copyright (c) 1991 - 2024 Synopsys, Inc.
   This software and the associated documentation are proprietary to Synopsys,
 Inc. This software may only be used in accordance with the terms and conditions
 of a written license agreement with Synopsys, Inc. All other use, reproduction,
   or distribution of this software is strictly prohibited.  Licensed Products
     communicate with Synopsys servers for the purpose of providing software
    updates, detecting software piracy and verifying that customers are using
    Licensed Products in conformity with the applicable License Key for such
  Licensed Products. Synopsys will use information gathered in connection with
    this process to deliver software updates and pursue software pirates and
                                   infringers.

 Inclusivity & Diversity - Visit SolvNetPlus to read the "Synopsys Statement on
            Inclusivity and Diversity" (Refer to article 000036315 at
                        https://solvnetplus.synopsys.com)

Parsing design file '/home/bea/snitch-axi4-xbars/sc/.bender/git/checkouts/register_interface-5a95d2f18694a6d3/src/reg_intf.sv'
Parsing design file '/home/bea/snitch-axi4-xbars/sc/.bender/git/checkouts/register_interface-5a95d2f18694a6d3/vendor/lowrisc_opentitan/src/prim_subreg_arb.sv'
Parsing design file '/home/bea/snitch-axi4-xbars/sc/.bender/git/checkouts/register_interface-5a95d2f18694a6d3/vendor/lowrisc_opentitan/src/prim_subreg_ext.sv'
Parsing design file '/home/bea/snitch-axi4-xbars/sc/.bender/git/checkouts/register_interface-5a95d2f18694a6d3/src/apb_to_reg.sv'
Parsing design file '/home/bea/snitch-axi4-xbars/sc/.bender/git/checkouts/register_interface-5a95d2f18694a6d3/src/axi_lite_to_reg.sv'
Parsing included file '/home/bea/snitch-axi4-xbars/sc/.bender/git/checkouts/register_interface-5a95d2f18694a6d3/include/register_interface/typedef.svh'.
Back to file '/home/bea/snitch-axi4-xbars/sc/.bender/git/checkouts/register_interface-5a95d2f18694a6d3/src/axi_lite_to_reg.sv'.
Parsing included file '/home/bea/snitch-axi4-xbars/sc/.bender/git/checkouts/register_interface-5a95d2f18694a6d3/include/register_interface/assign.svh'.
Back to file '/home/bea/snitch-axi4-xbars/sc/.bender/git/checkouts/register_interface-5a95d2f18694a6d3/src/axi_lite_to_reg.sv'.
Parsing included file '/home/bea/snitch-axi4-xbars/sc/.bender/git/checkouts/axi-10c18867bc585e38/include/axi/typedef.svh'.
Back to file '/home/bea/snitch-axi4-xbars/sc/.bender/git/checkouts/register_interface-5a95d2f18694a6d3/src/axi_lite_to_reg.sv'.
Parsing included file '/home/bea/snitch-axi4-xbars/sc/.bender/git/checkouts/axi-10c18867bc585e38/include/axi/assign.svh'.
Back to file '/home/bea/snitch-axi4-xbars/sc/.bender/git/checkouts/register_interface-5a95d2f18694a6d3/src/axi_lite_to_reg.sv'.
Parsing design file '/home/bea/snitch-axi4-xbars/sc/.bender/git/checkouts/register_interface-5a95d2f18694a6d3/src/axi_to_reg_v2.sv'
Parsing included file '/home/bea/snitch-axi4-xbars/sc/.bender/git/checkouts/axi-10c18867bc585e38/include/axi/typedef.svh'.
Back to file '/home/bea/snitch-axi4-xbars/sc/.bender/git/checkouts/register_interface-5a95d2f18694a6d3/src/axi_to_reg_v2.sv'.
Parsing design file '/home/bea/snitch-axi4-xbars/sc/.bender/git/checkouts/register_interface-5a95d2f18694a6d3/src/periph_to_reg.sv'
Parsing design file '/home/bea/snitch-axi4-xbars/sc/.bender/git/checkouts/register_interface-5a95d2f18694a6d3/src/reg_cdc.sv'
Parsing design file '/home/bea/snitch-axi4-xbars/sc/.bender/git/checkouts/register_interface-5a95d2f18694a6d3/src/reg_cut.sv'
Parsing included file '/home/bea/snitch-axi4-xbars/sc/.bender/git/checkouts/common_cells-aa028fdb314cdab0/include/common_cells/registers.svh'.
Back to file '/home/bea/snitch-axi4-xbars/sc/.bender/git/checkouts/register_interface-5a95d2f18694a6d3/src/reg_cut.sv'.
Parsing design file '/home/bea/snitch-axi4-xbars/sc/.bender/git/checkouts/register_interface-5a95d2f18694a6d3/src/reg_demux.sv'
Parsing design file '/home/bea/snitch-axi4-xbars/sc/.bender/git/checkouts/register_interface-5a95d2f18694a6d3/src/reg_err_slv.sv'
Parsing design file '/home/bea/snitch-axi4-xbars/sc/.bender/git/checkouts/register_interface-5a95d2f18694a6d3/src/reg_filter_empty_writes.sv'
Parsing design file '/home/bea/snitch-axi4-xbars/sc/.bender/git/checkouts/register_interface-5a95d2f18694a6d3/src/reg_mux.sv'
Parsing design file '/home/bea/snitch-axi4-xbars/sc/.bender/git/checkouts/register_interface-5a95d2f18694a6d3/src/reg_to_apb.sv'
Parsing design file '/home/bea/snitch-axi4-xbars/sc/.bender/git/checkouts/register_interface-5a95d2f18694a6d3/src/reg_to_mem.sv'
Parsing included file '/home/bea/snitch-axi4-xbars/sc/.bender/git/checkouts/common_cells-aa028fdb314cdab0/include/common_cells/registers.svh'.
Back to file '/home/bea/snitch-axi4-xbars/sc/.bender/git/checkouts/register_interface-5a95d2f18694a6d3/src/reg_to_mem.sv'.
Parsing design file '/home/bea/snitch-axi4-xbars/sc/.bender/git/checkouts/register_interface-5a95d2f18694a6d3/src/reg_to_tlul.sv'
Parsing design file '/home/bea/snitch-axi4-xbars/sc/.bender/git/checkouts/register_interface-5a95d2f18694a6d3/src/reg_to_axi.sv'
Parsing included file '/home/bea/snitch-axi4-xbars/sc/.bender/git/checkouts/common_cells-aa028fdb314cdab0/include/common_cells/registers.svh'.
Back to file '/home/bea/snitch-axi4-xbars/sc/.bender/git/checkouts/register_interface-5a95d2f18694a6d3/src/reg_to_axi.sv'.
Parsing design file '/home/bea/snitch-axi4-xbars/sc/.bender/git/checkouts/register_interface-5a95d2f18694a6d3/src/reg_uniform.sv'
Parsing design file '/home/bea/snitch-axi4-xbars/sc/.bender/git/checkouts/register_interface-5a95d2f18694a6d3/vendor/lowrisc_opentitan/src/prim_subreg_shadow.sv'
Parsing design file '/home/bea/snitch-axi4-xbars/sc/.bender/git/checkouts/register_interface-5a95d2f18694a6d3/vendor/lowrisc_opentitan/src/prim_subreg.sv'
Parsing design file '/home/bea/snitch-axi4-xbars/sc/.bender/git/checkouts/register_interface-5a95d2f18694a6d3/src/deprecated/axi_to_reg.sv'
Parsing included file '/home/bea/snitch-axi4-xbars/sc/.bender/git/checkouts/axi-10c18867bc585e38/include/axi/typedef.svh'.
Back to file '/home/bea/snitch-axi4-xbars/sc/.bender/git/checkouts/register_interface-5a95d2f18694a6d3/src/deprecated/axi_to_reg.sv'.
CPU time: .337 seconds to compile

Warning-[LNX_OS_VERUN] Unsupported Linux version
  Linux version 'AlmaLinux release 9.8 (Olive Jaguar)' is not supported on 
  'x86_64' officially, assuming linux compatibility by default. Set 
  VCS_ARCH_OVERRIDE to linux or suse32 to override.
  Please refer to release notes for information on supported platforms.

                         Chronologic VCS (TM)
        Version W-2024.09-1_Full64 -- Tue Sep 29 17:03:52 2026

                    Copyright (c) 1991 - 2024 Synopsys, Inc.
   This software and the associated documentation are proprietary to Synopsys,
 Inc. This software may only be used in accordance with the terms and conditions
 of a written license agreement with Synopsys, Inc. All other use, reproduction,
   or distribution of this software is strictly prohibited.  Licensed Products
     communicate with Synopsys servers for the purpose of providing software
    updates, detecting software piracy and verifying that customers are using
    Licensed Products in conformity with the applicable License Key for such
  Licensed Products. Synopsys will use information gathered in connection with
    this process to deliver software updates and pursue software pirates and
                                   infringers.

 Inclusivity & Diversity - Visit SolvNetPlus to read the "Synopsys Statement on
            Inclusivity and Diversity" (Refer to article 000036315 at
                        https://solvnetplus.synopsys.com)

Parsing design file '/home/bea/snitch-axi4-xbars/sc/.bender/git/checkouts/register_interface-5a95d2f18694a6d3/src/reg_test.sv'
CPU time: .297 seconds to compile

Warning-[LNX_OS_VERUN] Unsupported Linux version
  Linux version 'AlmaLinux release 9.8 (Olive Jaguar)' is not supported on 
  'x86_64' officially, assuming linux compatibility by default. Set 
  VCS_ARCH_OVERRIDE to linux or suse32 to override.
  Please refer to release notes for information on supported platforms.

                         Chronologic VCS (TM)
        Version W-2024.09-1_Full64 -- Tue Sep 29 17:03:52 2026

                    Copyright (c) 1991 - 2024 Synopsys, Inc.
   This software and the associated documentation are proprietary to Synopsys,
 Inc. This software may only be used in accordance with the terms and conditions
 of a written license agreement with Synopsys, Inc. All other use, reproduction,
   or distribution of this software is strictly prohibited.  Licensed Products
     communicate with Synopsys servers for the purpose of providing software
    updates, detecting software piracy and verifying that customers are using
    Licensed Products in conformity with the applicable License Key for such
  Licensed Products. Synopsys will use information gathered in connection with
    this process to deliver software updates and pursue software pirates and
                                   infringers.

 Inclusivity & Diversity - Visit SolvNetPlus to read the "Synopsys Statement on
            Inclusivity and Diversity" (Refer to article 000036315 at
                        https://solvnetplus.synopsys.com)

Parsing design file '/home/bea/snitch-axi4-xbars/sc/.bender/git/checkouts/scm-e009308f0dd3005a/latch_scm/register_file_1r_1w_test_wrap.sv'
Parsing design file '/home/bea/snitch-axi4-xbars/sc/.bender/git/checkouts/scm-e009308f0dd3005a/latch_scm/register_file_1w_64b_multi_port_read_32b_1row.sv'
Parsing design file '/home/bea/snitch-axi4-xbars/sc/.bender/git/checkouts/scm-e009308f0dd3005a/latch_scm/register_file_1w_multi_port_read_1row.sv'
Parsing design file '/home/bea/snitch-axi4-xbars/sc/.bender/git/checkouts/scm-e009308f0dd3005a/latch_scm/register_file_1r_1w_all.sv'
Parsing design file '/home/bea/snitch-axi4-xbars/sc/.bender/git/checkouts/scm-e009308f0dd3005a/latch_scm/register_file_1r_1w_all_test_wrap.sv'
Parsing design file '/home/bea/snitch-axi4-xbars/sc/.bender/git/checkouts/scm-e009308f0dd3005a/latch_scm/register_file_1r_1w_be.sv'
Parsing design file '/home/bea/snitch-axi4-xbars/sc/.bender/git/checkouts/scm-e009308f0dd3005a/latch_scm/register_file_1r_1w.sv'
Parsing design file '/home/bea/snitch-axi4-xbars/sc/.bender/git/checkouts/scm-e009308f0dd3005a/latch_scm/register_file_1r_1w_1row.sv'
Parsing design file '/home/bea/snitch-axi4-xbars/sc/.bender/git/checkouts/scm-e009308f0dd3005a/latch_scm/register_file_1w_128b_multi_port_read_32b.sv'
Parsing design file '/home/bea/snitch-axi4-xbars/sc/.bender/git/checkouts/scm-e009308f0dd3005a/latch_scm/register_file_1w_64b_multi_port_read_32b.sv'
Parsing design file '/home/bea/snitch-axi4-xbars/sc/.bender/git/checkouts/scm-e009308f0dd3005a/latch_scm/register_file_1w_64b_1r_32b.sv'
Parsing design file '/home/bea/snitch-axi4-xbars/sc/.bender/git/checkouts/scm-e009308f0dd3005a/latch_scm/register_file_1w_multi_port_read_be.sv'
Parsing design file '/home/bea/snitch-axi4-xbars/sc/.bender/git/checkouts/scm-e009308f0dd3005a/latch_scm/register_file_1w_multi_port_read.sv'
Parsing design file '/home/bea/snitch-axi4-xbars/sc/.bender/git/checkouts/scm-e009308f0dd3005a/latch_scm/register_file_2r_1w_asymm.sv'
Parsing design file '/home/bea/snitch-axi4-xbars/sc/.bender/git/checkouts/scm-e009308f0dd3005a/latch_scm/register_file_2r_1w_asymm_test_wrap.sv'
Parsing design file '/home/bea/snitch-axi4-xbars/sc/.bender/git/checkouts/scm-e009308f0dd3005a/latch_scm/register_file_2r_2w.sv'
Parsing design file '/home/bea/snitch-axi4-xbars/sc/.bender/git/checkouts/scm-e009308f0dd3005a/latch_scm/register_file_3r_2w.sv'
Parsing design file '/home/bea/snitch-axi4-xbars/sc/.bender/git/checkouts/scm-e009308f0dd3005a/latch_scm/register_file_3r_2w_be.sv'
Parsing design file '/home/bea/snitch-axi4-xbars/sc/.bender/git/checkouts/scm-e009308f0dd3005a/latch_scm/register_file_multi_way_1w_64b_multi_port_read_32b.sv'
Parsing design file '/home/bea/snitch-axi4-xbars/sc/.bender/git/checkouts/scm-e009308f0dd3005a/latch_scm/register_file_multi_way_1w_multi_port_read.sv'
CPU time: .308 seconds to compile

Warning-[LNX_OS_VERUN] Unsupported Linux version
  Linux version 'AlmaLinux release 9.8 (Olive Jaguar)' is not supported on 
  'x86_64' officially, assuming linux compatibility by default. Set 
  VCS_ARCH_OVERRIDE to linux or suse32 to override.
  Please refer to release notes for information on supported platforms.

                         Chronologic VCS (TM)
        Version W-2024.09-1_Full64 -- Tue Sep 29 17:03:53 2026

                    Copyright (c) 1991 - 2024 Synopsys, Inc.
   This software and the associated documentation are proprietary to Synopsys,
 Inc. This software may only be used in accordance with the terms and conditions
 of a written license agreement with Synopsys, Inc. All other use, reproduction,
   or distribution of this software is strictly prohibited.  Licensed Products
     communicate with Synopsys servers for the purpose of providing software
    updates, detecting software piracy and verifying that customers are using
    Licensed Products in conformity with the applicable License Key for such
  Licensed Products. Synopsys will use information gathered in connection with
    this process to deliver software updates and pursue software pirates and
                                   infringers.

 Inclusivity & Diversity - Visit SolvNetPlus to read the "Synopsys Statement on
            Inclusivity and Diversity" (Refer to article 000036315 at
                        https://solvnetplus.synopsys.com)

Parsing design file '/home/bea/snitch-axi4-xbars/sc/.bender/git/checkouts/axi_riscv_atomics-360637610c0ab464/src/axi_res_tbl.sv'
Parsing design file '/home/bea/snitch-axi4-xbars/sc/.bender/git/checkouts/axi_riscv_atomics-360637610c0ab464/src/axi_riscv_amos_alu.sv'
Parsing design file '/home/bea/snitch-axi4-xbars/sc/.bender/git/checkouts/axi_riscv_atomics-360637610c0ab464/src/axi_riscv_amos.sv'
Parsing design file '/home/bea/snitch-axi4-xbars/sc/.bender/git/checkouts/axi_riscv_atomics-360637610c0ab464/src/axi_riscv_lrsc.sv'
Parsing design file '/home/bea/snitch-axi4-xbars/sc/.bender/git/checkouts/axi_riscv_atomics-360637610c0ab464/src/axi_riscv_atomics.sv'
Parsing included file '/home/bea/snitch-axi4-xbars/sc/.bender/git/checkouts/axi-10c18867bc585e38/include/axi/typedef.svh'.
Back to file '/home/bea/snitch-axi4-xbars/sc/.bender/git/checkouts/axi_riscv_atomics-360637610c0ab464/src/axi_riscv_atomics.sv'.
Parsing design file '/home/bea/snitch-axi4-xbars/sc/.bender/git/checkouts/axi_riscv_atomics-360637610c0ab464/src/axi_riscv_lrsc_wrap.sv'
Parsing design file '/home/bea/snitch-axi4-xbars/sc/.bender/git/checkouts/axi_riscv_atomics-360637610c0ab464/src/axi_riscv_amos_wrap.sv'
Parsing design file '/home/bea/snitch-axi4-xbars/sc/.bender/git/checkouts/axi_riscv_atomics-360637610c0ab464/src/axi_riscv_atomics_wrap.sv'
CPU time: .330 seconds to compile

Warning-[LNX_OS_VERUN] Unsupported Linux version
  Linux version 'AlmaLinux release 9.8 (Olive Jaguar)' is not supported on 
  'x86_64' officially, assuming linux compatibility by default. Set 
  VCS_ARCH_OVERRIDE to linux or suse32 to override.
  Please refer to release notes for information on supported platforms.

                         Chronologic VCS (TM)
        Version W-2024.09-1_Full64 -- Tue Sep 29 17:03:54 2026

                    Copyright (c) 1991 - 2024 Synopsys, Inc.
   This software and the associated documentation are proprietary to Synopsys,
 Inc. This software may only be used in accordance with the terms and conditions
 of a written license agreement with Synopsys, Inc. All other use, reproduction,
   or distribution of this software is strictly prohibited.  Licensed Products
     communicate with Synopsys servers for the purpose of providing software
    updates, detecting software piracy and verifying that customers are using
    Licensed Products in conformity with the applicable License Key for such
  Licensed Products. Synopsys will use information gathered in connection with
    this process to deliver software updates and pursue software pirates and
                                   infringers.

 Inclusivity & Diversity - Visit SolvNetPlus to read the "Synopsys Statement on
            Inclusivity and Diversity" (Refer to article 000036315 at
                        https://solvnetplus.synopsys.com)

Parsing design file '/home/bea/snitch-axi4-xbars/sc/.bender/git/checkouts/axi_riscv_atomics-360637610c0ab464/test/tb_axi_pkg.sv'
Parsing design file '/home/bea/snitch-axi4-xbars/sc/.bender/git/checkouts/axi_riscv_atomics-360637610c0ab464/test/golden_memory.sv'
CPU time: .256 seconds to compile

Warning-[LNX_OS_VERUN] Unsupported Linux version
  Linux version 'AlmaLinux release 9.8 (Olive Jaguar)' is not supported on 
  'x86_64' officially, assuming linux compatibility by default. Set 
  VCS_ARCH_OVERRIDE to linux or suse32 to override.
  Please refer to release notes for information on supported platforms.

                         Chronologic VCS (TM)
        Version W-2024.09-1_Full64 -- Tue Sep 29 17:03:55 2026

                    Copyright (c) 1991 - 2024 Synopsys, Inc.
   This software and the associated documentation are proprietary to Synopsys,
 Inc. This software may only be used in accordance with the terms and conditions
 of a written license agreement with Synopsys, Inc. All other use, reproduction,
   or distribution of this software is strictly prohibited.  Licensed Products
     communicate with Synopsys servers for the purpose of providing software
    updates, detecting software piracy and verifying that customers are using
    Licensed Products in conformity with the applicable License Key for such
  Licensed Products. Synopsys will use information gathered in connection with
    this process to deliver software updates and pursue software pirates and
                                   infringers.

 Inclusivity & Diversity - Visit SolvNetPlus to read the "Synopsys Statement on
            Inclusivity and Diversity" (Refer to article 000036315 at
                        https://solvnetplus.synopsys.com)

Parsing design file '/home/bea/snitch-axi4-xbars/sc/.bender/git/checkouts/cluster_icache-613ab7e739e3175c/src/snitch_icache_pkg.sv'
Parsing design file '/home/bea/snitch-axi4-xbars/sc/.bender/git/checkouts/cluster_icache-613ab7e739e3175c/src/riscv_instr_branch.sv'
Parsing design file '/home/bea/snitch-axi4-xbars/sc/.bender/git/checkouts/cluster_icache-613ab7e739e3175c/src/multi_accept_rr_arb.sv'
Parsing design file '/home/bea/snitch-axi4-xbars/sc/.bender/git/checkouts/cluster_icache-613ab7e739e3175c/src/snitch_axi_to_cache.sv'
Parsing included file '/home/bea/snitch-axi4-xbars/sc/.bender/git/checkouts/common_cells-aa028fdb314cdab0/include/common_cells/registers.svh'.
Back to file '/home/bea/snitch-axi4-xbars/sc/.bender/git/checkouts/cluster_icache-613ab7e739e3175c/src/snitch_axi_to_cache.sv'.
Parsing design file '/home/bea/snitch-axi4-xbars/sc/.bender/git/checkouts/cluster_icache-613ab7e739e3175c/src/snitch_icache_l0.sv'
Parsing included file '/home/bea/snitch-axi4-xbars/sc/.bender/git/checkouts/common_cells-aa028fdb314cdab0/include/common_cells/registers.svh'.
Back to file '/home/bea/snitch-axi4-xbars/sc/.bender/git/checkouts/cluster_icache-613ab7e739e3175c/src/snitch_icache_l0.sv'.
Parsing included file '/home/bea/snitch-axi4-xbars/sc/.bender/git/checkouts/common_cells-aa028fdb314cdab0/include/common_cells/assertions.svh'.
Back to file '/home/bea/snitch-axi4-xbars/sc/.bender/git/checkouts/cluster_icache-613ab7e739e3175c/src/snitch_icache_l0.sv'.
Parsing design file '/home/bea/snitch-axi4-xbars/sc/.bender/git/checkouts/cluster_icache-613ab7e739e3175c/src/snitch_icache_refill.sv'
Parsing design file '/home/bea/snitch-axi4-xbars/sc/.bender/git/checkouts/cluster_icache-613ab7e739e3175c/src/snitch_icache_lfsr.sv'
Parsing design file '/home/bea/snitch-axi4-xbars/sc/.bender/git/checkouts/cluster_icache-613ab7e739e3175c/src/snitch_icache_lookup_parallel.sv'
Parsing included file '/home/bea/snitch-axi4-xbars/sc/.bender/git/checkouts/common_cells-aa028fdb314cdab0/include/common_cells/assertions.svh'.
Back to file '/home/bea/snitch-axi4-xbars/sc/.bender/git/checkouts/cluster_icache-613ab7e739e3175c/src/snitch_icache_lookup_parallel.sv'.
Parsing design file '/home/bea/snitch-axi4-xbars/sc/.bender/git/checkouts/cluster_icache-613ab7e739e3175c/src/snitch_icache_lookup_serial.sv'
Parsing included file '/home/bea/snitch-axi4-xbars/sc/.bender/git/checkouts/common_cells-aa028fdb314cdab0/include/common_cells/registers.svh'.
Back to file '/home/bea/snitch-axi4-xbars/sc/.bender/git/checkouts/cluster_icache-613ab7e739e3175c/src/snitch_icache_lookup_serial.sv'.
Parsing design file '/home/bea/snitch-axi4-xbars/sc/.bender/git/checkouts/cluster_icache-613ab7e739e3175c/src/snitch_icache_handler.sv'
Parsing included file '/home/bea/snitch-axi4-xbars/sc/.bender/git/checkouts/common_cells-aa028fdb314cdab0/include/common_cells/registers.svh'.
Back to file '/home/bea/snitch-axi4-xbars/sc/.bender/git/checkouts/cluster_icache-613ab7e739e3175c/src/snitch_icache_handler.sv'.
Parsing design file '/home/bea/snitch-axi4-xbars/sc/.bender/git/checkouts/cluster_icache-613ab7e739e3175c/src/snitch_icache.sv'
Parsing included file '/home/bea/snitch-axi4-xbars/sc/.bender/git/checkouts/common_cells-aa028fdb314cdab0/include/common_cells/registers.svh'.
Back to file '/home/bea/snitch-axi4-xbars/sc/.bender/git/checkouts/cluster_icache-613ab7e739e3175c/src/snitch_icache.sv'.
Parsing design file '/home/bea/snitch-axi4-xbars/sc/.bender/git/checkouts/cluster_icache-613ab7e739e3175c/src/snitch_read_only_cache.sv'
Parsing included file '/home/bea/snitch-axi4-xbars/sc/.bender/git/checkouts/axi-10c18867bc585e38/include/axi/typedef.svh'.
Back to file '/home/bea/snitch-axi4-xbars/sc/.bender/git/checkouts/cluster_icache-613ab7e739e3175c/src/snitch_read_only_cache.sv'.
Parsing included file '/home/bea/snitch-axi4-xbars/sc/.bender/git/checkouts/common_cells-aa028fdb314cdab0/include/common_cells/registers.svh'.
Back to file '/home/bea/snitch-axi4-xbars/sc/.bender/git/checkouts/cluster_icache-613ab7e739e3175c/src/snitch_read_only_cache.sv'.
CPU time: .293 seconds to compile

Warning-[LNX_OS_VERUN] Unsupported Linux version
  Linux version 'AlmaLinux release 9.8 (Olive Jaguar)' is not supported on 
  'x86_64' officially, assuming linux compatibility by default. Set 
  VCS_ARCH_OVERRIDE to linux or suse32 to override.
  Please refer to release notes for information on supported platforms.

                         Chronologic VCS (TM)
        Version W-2024.09-1_Full64 -- Tue Sep 29 17:03:56 2026

                    Copyright (c) 1991 - 2024 Synopsys, Inc.
   This software and the associated documentation are proprietary to Synopsys,
 Inc. This software may only be used in accordance with the terms and conditions
 of a written license agreement with Synopsys, Inc. All other use, reproduction,
   or distribution of this software is strictly prohibited.  Licensed Products
     communicate with Synopsys servers for the purpose of providing software
    updates, detecting software piracy and verifying that customers are using
    Licensed Products in conformity with the applicable License Key for such
  Licensed Products. Synopsys will use information gathered in connection with
    this process to deliver software updates and pursue software pirates and
                                   infringers.

 Inclusivity & Diversity - Visit SolvNetPlus to read the "Synopsys Statement on
            Inclusivity and Diversity" (Refer to article 000036315 at
                        https://solvnetplus.synopsys.com)

Parsing design file '/home/bea/snitch-axi4-xbars/sc/.bender/git/checkouts/fpnew-4a953b8b22f6345f/src/fpnew_pkg.sv'
Parsing design file '/home/bea/snitch-axi4-xbars/sc/.bender/git/checkouts/fpnew-4a953b8b22f6345f/src/fpnew_cast_multi.sv'
Parsing included file '/home/bea/snitch-axi4-xbars/sc/.bender/git/checkouts/common_cells-aa028fdb314cdab0/include/common_cells/registers.svh'.
Back to file '/home/bea/snitch-axi4-xbars/sc/.bender/git/checkouts/fpnew-4a953b8b22f6345f/src/fpnew_cast_multi.sv'.
Parsing design file '/home/bea/snitch-axi4-xbars/sc/.bender/git/checkouts/fpnew-4a953b8b22f6345f/src/fpnew_classifier.sv'
Parsing design file '/home/bea/snitch-axi4-xbars/sc/.bender/git/checkouts/fpnew-4a953b8b22f6345f/vendor/opene906/E906_RTL_FACTORY/gen_rtl/clk/rtl/gated_clk_cell.v'
Parsing design file '/home/bea/snitch-axi4-xbars/sc/.bender/git/checkouts/fpnew-4a953b8b22f6345f/vendor/opene906/E906_RTL_FACTORY/gen_rtl/fdsu/rtl/pa_fdsu_ctrl.v'
Parsing design file '/home/bea/snitch-axi4-xbars/sc/.bender/git/checkouts/fpnew-4a953b8b22f6345f/vendor/opene906/E906_RTL_FACTORY/gen_rtl/fdsu/rtl/pa_fdsu_ff1.v'
Parsing design file '/home/bea/snitch-axi4-xbars/sc/.bender/git/checkouts/fpnew-4a953b8b22f6345f/vendor/opene906/E906_RTL_FACTORY/gen_rtl/fdsu/rtl/pa_fdsu_pack_single.v'
Parsing design file '/home/bea/snitch-axi4-xbars/sc/.bender/git/checkouts/fpnew-4a953b8b22f6345f/vendor/opene906/E906_RTL_FACTORY/gen_rtl/fdsu/rtl/pa_fdsu_prepare.v'
Parsing design file '/home/bea/snitch-axi4-xbars/sc/.bender/git/checkouts/fpnew-4a953b8b22f6345f/vendor/opene906/E906_RTL_FACTORY/gen_rtl/fdsu/rtl/pa_fdsu_round_single.v'
Parsing design file '/home/bea/snitch-axi4-xbars/sc/.bender/git/checkouts/fpnew-4a953b8b22f6345f/vendor/opene906/E906_RTL_FACTORY/gen_rtl/fdsu/rtl/pa_fdsu_special.v'
Parsing design file '/home/bea/snitch-axi4-xbars/sc/.bender/git/checkouts/fpnew-4a953b8b22f6345f/vendor/opene906/E906_RTL_FACTORY/gen_rtl/fdsu/rtl/pa_fdsu_srt_single.v'
Parsing design file '/home/bea/snitch-axi4-xbars/sc/.bender/git/checkouts/fpnew-4a953b8b22f6345f/vendor/opene906/E906_RTL_FACTORY/gen_rtl/fdsu/rtl/pa_fdsu_top.v'
Parsing design file '/home/bea/snitch-axi4-xbars/sc/.bender/git/checkouts/fpnew-4a953b8b22f6345f/vendor/opene906/E906_RTL_FACTORY/gen_rtl/fpu/rtl/pa_fpu_dp.v'
Parsing design file '/home/bea/snitch-axi4-xbars/sc/.bender/git/checkouts/fpnew-4a953b8b22f6345f/vendor/opene906/E906_RTL_FACTORY/gen_rtl/fpu/rtl/pa_fpu_frbus.v'
Parsing design file '/home/bea/snitch-axi4-xbars/sc/.bender/git/checkouts/fpnew-4a953b8b22f6345f/vendor/opene906/E906_RTL_FACTORY/gen_rtl/fpu/rtl/pa_fpu_src_type.v'
Parsing design file '/home/bea/snitch-axi4-xbars/sc/.bender/git/checkouts/fpnew-4a953b8b22f6345f/src/fpnew_divsqrt_th_32.sv'
Parsing included file '/home/bea/snitch-axi4-xbars/sc/.bender/git/checkouts/common_cells-aa028fdb314cdab0/include/common_cells/registers.svh'.
Back to file '/home/bea/snitch-axi4-xbars/sc/.bender/git/checkouts/fpnew-4a953b8b22f6345f/src/fpnew_divsqrt_th_32.sv'.
Parsing design file '/home/bea/snitch-axi4-xbars/sc/.bender/git/checkouts/fpnew-4a953b8b22f6345f/src/fpnew_divsqrt_multi.sv'
Parsing included file '/home/bea/snitch-axi4-xbars/sc/.bender/git/checkouts/common_cells-aa028fdb314cdab0/include/common_cells/registers.svh'.
Back to file '/home/bea/snitch-axi4-xbars/sc/.bender/git/checkouts/fpnew-4a953b8b22f6345f/src/fpnew_divsqrt_multi.sv'.
Parsing design file '/home/bea/snitch-axi4-xbars/sc/.bender/git/checkouts/fpnew-4a953b8b22f6345f/src/fpnew_fma.sv'
Parsing included file '/home/bea/snitch-axi4-xbars/sc/.bender/git/checkouts/common_cells-aa028fdb314cdab0/include/common_cells/registers.svh'.
Back to file '/home/bea/snitch-axi4-xbars/sc/.bender/git/checkouts/fpnew-4a953b8b22f6345f/src/fpnew_fma.sv'.
Parsing design file '/home/bea/snitch-axi4-xbars/sc/.bender/git/checkouts/fpnew-4a953b8b22f6345f/src/fpnew_fma_multi.sv'
Parsing included file '/home/bea/snitch-axi4-xbars/sc/.bender/git/checkouts/common_cells-aa028fdb314cdab0/include/common_cells/registers.svh'.
Back to file '/home/bea/snitch-axi4-xbars/sc/.bender/git/checkouts/fpnew-4a953b8b22f6345f/src/fpnew_fma_multi.sv'.
Parsing design file '/home/bea/snitch-axi4-xbars/sc/.bender/git/checkouts/fpnew-4a953b8b22f6345f/src/fpnew_sdotp_multi.sv'
Parsing included file '/home/bea/snitch-axi4-xbars/sc/.bender/git/checkouts/common_cells-aa028fdb314cdab0/include/common_cells/registers.svh'.
Back to file '/home/bea/snitch-axi4-xbars/sc/.bender/git/checkouts/fpnew-4a953b8b22f6345f/src/fpnew_sdotp_multi.sv'.
Parsing design file '/home/bea/snitch-axi4-xbars/sc/.bender/git/checkouts/fpnew-4a953b8b22f6345f/src/fpnew_sdotp_multi_wrapper.sv'
Parsing included file '/home/bea/snitch-axi4-xbars/sc/.bender/git/checkouts/common_cells-aa028fdb314cdab0/include/common_cells/registers.svh'.
Back to file '/home/bea/snitch-axi4-xbars/sc/.bender/git/checkouts/fpnew-4a953b8b22f6345f/src/fpnew_sdotp_multi_wrapper.sv'.
Parsing design file '/home/bea/snitch-axi4-xbars/sc/.bender/git/checkouts/fpnew-4a953b8b22f6345f/src/fpnew_noncomp.sv'
Parsing included file '/home/bea/snitch-axi4-xbars/sc/.bender/git/checkouts/common_cells-aa028fdb314cdab0/include/common_cells/registers.svh'.
Back to file '/home/bea/snitch-axi4-xbars/sc/.bender/git/checkouts/fpnew-4a953b8b22f6345f/src/fpnew_noncomp.sv'.
Parsing design file '/home/bea/snitch-axi4-xbars/sc/.bender/git/checkouts/fpnew-4a953b8b22f6345f/src/fpnew_opgroup_block.sv'
Parsing design file '/home/bea/snitch-axi4-xbars/sc/.bender/git/checkouts/fpnew-4a953b8b22f6345f/src/fpnew_opgroup_fmt_slice.sv'
Parsing design file '/home/bea/snitch-axi4-xbars/sc/.bender/git/checkouts/fpnew-4a953b8b22f6345f/src/fpnew_opgroup_multifmt_slice.sv'
Parsing included file '/home/bea/snitch-axi4-xbars/sc/.bender/git/checkouts/common_cells-aa028fdb314cdab0/include/common_cells/registers.svh'.
Back to file '/home/bea/snitch-axi4-xbars/sc/.bender/git/checkouts/fpnew-4a953b8b22f6345f/src/fpnew_opgroup_multifmt_slice.sv'.
Parsing design file '/home/bea/snitch-axi4-xbars/sc/.bender/git/checkouts/fpnew-4a953b8b22f6345f/src/fpnew_rounding.sv'
Parsing design file '/home/bea/snitch-axi4-xbars/sc/.bender/git/checkouts/fpnew-4a953b8b22f6345f/src/lfsr_sr.sv'
Parsing design file '/home/bea/snitch-axi4-xbars/sc/.bender/git/checkouts/fpnew-4a953b8b22f6345f/src/fpnew_top.sv'
CPU time: .408 seconds to compile

Warning-[LNX_OS_VERUN] Unsupported Linux version
  Linux version 'AlmaLinux release 9.8 (Olive Jaguar)' is not supported on 
  'x86_64' officially, assuming linux compatibility by default. Set 
  VCS_ARCH_OVERRIDE to linux or suse32 to override.
  Please refer to release notes for information on supported platforms.

                         Chronologic VCS (TM)
        Version W-2024.09-1_Full64 -- Tue Sep 29 17:03:57 2026

                    Copyright (c) 1991 - 2024 Synopsys, Inc.
   This software and the associated documentation are proprietary to Synopsys,
 Inc. This software may only be used in accordance with the terms and conditions
 of a written license agreement with Synopsys, Inc. All other use, reproduction,
   or distribution of this software is strictly prohibited.  Licensed Products
     communicate with Synopsys servers for the purpose of providing software
    updates, detecting software piracy and verifying that customers are using
    Licensed Products in conformity with the applicable License Key for such
  Licensed Products. Synopsys will use information gathered in connection with
    this process to deliver software updates and pursue software pirates and
                                   infringers.

 Inclusivity & Diversity - Visit SolvNetPlus to read the "Synopsys Statement on
            Inclusivity and Diversity" (Refer to article 000036315 at
                        https://solvnetplus.synopsys.com)

Parsing design file '/home/bea/snitch-axi4-xbars/sc/.bender/git/checkouts/idma-4309a974a96e0c08/src/idma_pkg.sv'
Parsing design file '/home/bea/snitch-axi4-xbars/sc/.bender/git/checkouts/idma-4309a974a96e0c08/src/backend/idma_axil_read.sv'
Parsing design file '/home/bea/snitch-axi4-xbars/sc/.bender/git/checkouts/idma-4309a974a96e0c08/src/backend/idma_axil_write.sv'
Parsing design file '/home/bea/snitch-axi4-xbars/sc/.bender/git/checkouts/idma-4309a974a96e0c08/src/backend/idma_axi_read.sv'
Parsing included file '/home/bea/snitch-axi4-xbars/sc/.bender/git/checkouts/common_cells-aa028fdb314cdab0/include/common_cells/registers.svh'.
Back to file '/home/bea/snitch-axi4-xbars/sc/.bender/git/checkouts/idma-4309a974a96e0c08/src/backend/idma_axi_read.sv'.
Parsing design file '/home/bea/snitch-axi4-xbars/sc/.bender/git/checkouts/idma-4309a974a96e0c08/src/backend/idma_axi_write.sv'
Parsing included file '/home/bea/snitch-axi4-xbars/sc/.bender/git/checkouts/common_cells-aa028fdb314cdab0/include/common_cells/registers.svh'.
Back to file '/home/bea/snitch-axi4-xbars/sc/.bender/git/checkouts/idma-4309a974a96e0c08/src/backend/idma_axi_write.sv'.
Parsing design file '/home/bea/snitch-axi4-xbars/sc/.bender/git/checkouts/idma-4309a974a96e0c08/src/backend/idma_axis_read.sv'
Parsing design file '/home/bea/snitch-axi4-xbars/sc/.bender/git/checkouts/idma-4309a974a96e0c08/src/backend/idma_axis_write.sv'
Parsing design file '/home/bea/snitch-axi4-xbars/sc/.bender/git/checkouts/idma-4309a974a96e0c08/src/backend/idma_channel_coupler.sv'
Parsing included file '/home/bea/snitch-axi4-xbars/sc/.bender/git/checkouts/common_cells-aa028fdb314cdab0/include/common_cells/registers.svh'.
Back to file '/home/bea/snitch-axi4-xbars/sc/.bender/git/checkouts/idma-4309a974a96e0c08/src/backend/idma_channel_coupler.sv'.
Parsing included file '/home/bea/snitch-axi4-xbars/sc/.bender/git/checkouts/axi-10c18867bc585e38/include/axi/typedef.svh'.
Back to file '/home/bea/snitch-axi4-xbars/sc/.bender/git/checkouts/idma-4309a974a96e0c08/src/backend/idma_channel_coupler.sv'.
Parsing design file '/home/bea/snitch-axi4-xbars/sc/.bender/git/checkouts/idma-4309a974a96e0c08/src/backend/idma_dataflow_element.sv'
Parsing design file '/home/bea/snitch-axi4-xbars/sc/.bender/git/checkouts/idma-4309a974a96e0c08/src/backend/idma_error_handler.sv'
Parsing included file '/home/bea/snitch-axi4-xbars/sc/.bender/git/checkouts/common_cells-aa028fdb314cdab0/include/common_cells/registers.svh'.
Back to file '/home/bea/snitch-axi4-xbars/sc/.bender/git/checkouts/idma-4309a974a96e0c08/src/backend/idma_error_handler.sv'.
Parsing included file '/home/bea/snitch-axi4-xbars/sc/.bender/git/checkouts/common_cells-aa028fdb314cdab0/include/common_cells/assertions.svh'.
Back to file '/home/bea/snitch-axi4-xbars/sc/.bender/git/checkouts/idma-4309a974a96e0c08/src/backend/idma_error_handler.sv'.
Parsing included file '/home/bea/snitch-axi4-xbars/sc/.bender/git/checkouts/idma-4309a974a96e0c08/src/include/idma/guard.svh'.
Back to file '/home/bea/snitch-axi4-xbars/sc/.bender/git/checkouts/idma-4309a974a96e0c08/src/backend/idma_error_handler.sv'.
Parsing design file '/home/bea/snitch-axi4-xbars/sc/.bender/git/checkouts/idma-4309a974a96e0c08/src/backend/idma_init_read.sv'
Parsing design file '/home/bea/snitch-axi4-xbars/sc/.bender/git/checkouts/idma-4309a974a96e0c08/src/backend/idma_init_write.sv'
Parsing design file '/home/bea/snitch-axi4-xbars/sc/.bender/git/checkouts/idma-4309a974a96e0c08/src/backend/idma_legalizer_page_splitter.sv'
Parsing design file '/home/bea/snitch-axi4-xbars/sc/.bender/git/checkouts/idma-4309a974a96e0c08/src/backend/idma_legalizer_pow2_splitter.sv'
Parsing design file '/home/bea/snitch-axi4-xbars/sc/.bender/git/checkouts/idma-4309a974a96e0c08/src/backend/idma_obi_read.sv'
Parsing design file '/home/bea/snitch-axi4-xbars/sc/.bender/git/checkouts/idma-4309a974a96e0c08/src/backend/idma_obi_write.sv'
Parsing design file '/home/bea/snitch-axi4-xbars/sc/.bender/git/checkouts/idma-4309a974a96e0c08/src/backend/idma_tilelink_read.sv'
Parsing included file '/home/bea/snitch-axi4-xbars/sc/.bender/git/checkouts/common_cells-aa028fdb314cdab0/include/common_cells/registers.svh'.
Back to file '/home/bea/snitch-axi4-xbars/sc/.bender/git/checkouts/idma-4309a974a96e0c08/src/backend/idma_tilelink_read.sv'.
Parsing design file '/home/bea/snitch-axi4-xbars/sc/.bender/git/checkouts/idma-4309a974a96e0c08/src/backend/idma_tilelink_write.sv'
Parsing included file '/home/bea/snitch-axi4-xbars/sc/.bender/git/checkouts/common_cells-aa028fdb314cdab0/include/common_cells/registers.svh'.
Back to file '/home/bea/snitch-axi4-xbars/sc/.bender/git/checkouts/idma-4309a974a96e0c08/src/backend/idma_tilelink_write.sv'.
CPU time: .304 seconds to compile

Warning-[LNX_OS_VERUN] Unsupported Linux version
  Linux version 'AlmaLinux release 9.8 (Olive Jaguar)' is not supported on 
  'x86_64' officially, assuming linux compatibility by default. Set 
  VCS_ARCH_OVERRIDE to linux or suse32 to override.
  Please refer to release notes for information on supported platforms.

                         Chronologic VCS (TM)
        Version W-2024.09-1_Full64 -- Tue Sep 29 17:03:58 2026

                    Copyright (c) 1991 - 2024 Synopsys, Inc.
   This software and the associated documentation are proprietary to Synopsys,
 Inc. This software may only be used in accordance with the terms and conditions
 of a written license agreement with Synopsys, Inc. All other use, reproduction,
   or distribution of this software is strictly prohibited.  Licensed Products
     communicate with Synopsys servers for the purpose of providing software
    updates, detecting software piracy and verifying that customers are using
    Licensed Products in conformity with the applicable License Key for such
  Licensed Products. Synopsys will use information gathered in connection with
    this process to deliver software updates and pursue software pirates and
                                   infringers.

 Inclusivity & Diversity - Visit SolvNetPlus to read the "Synopsys Statement on
            Inclusivity and Diversity" (Refer to article 000036315 at
                        https://solvnetplus.synopsys.com)

Parsing design file '/home/bea/snitch-axi4-xbars/sc/.bender/git/checkouts/idma-4309a974a96e0c08/target/rtl/idma_generated.sv'
Parsing included file '/home/bea/snitch-axi4-xbars/sc/.bender/git/checkouts/idma-4309a974a96e0c08/src/include/idma/guard.svh'.
Back to file '/home/bea/snitch-axi4-xbars/sc/.bender/git/checkouts/idma-4309a974a96e0c08/target/rtl/idma_generated.sv'.
Parsing included file '/home/bea/snitch-axi4-xbars/sc/.bender/git/checkouts/common_cells-aa028fdb314cdab0/include/common_cells/registers.svh'.
Back to file '/home/bea/snitch-axi4-xbars/sc/.bender/git/checkouts/idma-4309a974a96e0c08/target/rtl/idma_generated.sv'.
Parsing included file '/home/bea/snitch-axi4-xbars/sc/.bender/git/checkouts/common_cells-aa028fdb314cdab0/include/common_cells/registers.svh'.
Back to file '/home/bea/snitch-axi4-xbars/sc/.bender/git/checkouts/idma-4309a974a96e0c08/target/rtl/idma_generated.sv'.
Parsing included file '/home/bea/snitch-axi4-xbars/sc/.bender/git/checkouts/common_cells-aa028fdb314cdab0/include/common_cells/registers.svh'.
Back to file '/home/bea/snitch-axi4-xbars/sc/.bender/git/checkouts/idma-4309a974a96e0c08/target/rtl/idma_generated.sv'.
Parsing included file '/home/bea/snitch-axi4-xbars/sc/.bender/git/checkouts/common_cells-aa028fdb314cdab0/include/common_cells/registers.svh'.
Back to file '/home/bea/snitch-axi4-xbars/sc/.bender/git/checkouts/idma-4309a974a96e0c08/target/rtl/idma_generated.sv'.
Parsing included file '/home/bea/snitch-axi4-xbars/sc/.bender/git/checkouts/common_cells-aa028fdb314cdab0/include/common_cells/registers.svh'.
Back to file '/home/bea/snitch-axi4-xbars/sc/.bender/git/checkouts/idma-4309a974a96e0c08/target/rtl/idma_generated.sv'.
Parsing included file '/home/bea/snitch-axi4-xbars/sc/.bender/git/checkouts/common_cells-aa028fdb314cdab0/include/common_cells/registers.svh'.
Back to file '/home/bea/snitch-axi4-xbars/sc/.bender/git/checkouts/idma-4309a974a96e0c08/target/rtl/idma_generated.sv'.
Parsing included file '/home/bea/snitch-axi4-xbars/sc/.bender/git/checkouts/common_cells-aa028fdb314cdab0/include/common_cells/registers.svh'.
Back to file '/home/bea/snitch-axi4-xbars/sc/.bender/git/checkouts/idma-4309a974a96e0c08/target/rtl/idma_generated.sv'.
Parsing included file '/home/bea/snitch-axi4-xbars/sc/.bender/git/checkouts/common_cells-aa028fdb314cdab0/include/common_cells/assertions.svh'.
Back to file '/home/bea/snitch-axi4-xbars/sc/.bender/git/checkouts/idma-4309a974a96e0c08/target/rtl/idma_generated.sv'.
Parsing included file '/home/bea/snitch-axi4-xbars/sc/.bender/git/checkouts/common_cells-aa028fdb314cdab0/include/common_cells/registers.svh'.
Back to file '/home/bea/snitch-axi4-xbars/sc/.bender/git/checkouts/idma-4309a974a96e0c08/target/rtl/idma_generated.sv'.
Parsing included file '/home/bea/snitch-axi4-xbars/sc/.bender/git/checkouts/common_cells-aa028fdb314cdab0/include/common_cells/assertions.svh'.
Back to file '/home/bea/snitch-axi4-xbars/sc/.bender/git/checkouts/idma-4309a974a96e0c08/target/rtl/idma_generated.sv'.
Parsing included file '/home/bea/snitch-axi4-xbars/sc/.bender/git/checkouts/common_cells-aa028fdb314cdab0/include/common_cells/registers.svh'.
Back to file '/home/bea/snitch-axi4-xbars/sc/.bender/git/checkouts/idma-4309a974a96e0c08/target/rtl/idma_generated.sv'.
Parsing included file '/home/bea/snitch-axi4-xbars/sc/.bender/git/checkouts/common_cells-aa028fdb314cdab0/include/common_cells/assertions.svh'.
Back to file '/home/bea/snitch-axi4-xbars/sc/.bender/git/checkouts/idma-4309a974a96e0c08/target/rtl/idma_generated.sv'.
Parsing included file '/home/bea/snitch-axi4-xbars/sc/.bender/git/checkouts/common_cells-aa028fdb314cdab0/include/common_cells/registers.svh'.
Back to file '/home/bea/snitch-axi4-xbars/sc/.bender/git/checkouts/idma-4309a974a96e0c08/target/rtl/idma_generated.sv'.
Parsing included file '/home/bea/snitch-axi4-xbars/sc/.bender/git/checkouts/common_cells-aa028fdb314cdab0/include/common_cells/assertions.svh'.
Back to file '/home/bea/snitch-axi4-xbars/sc/.bender/git/checkouts/idma-4309a974a96e0c08/target/rtl/idma_generated.sv'.
Parsing included file '/home/bea/snitch-axi4-xbars/sc/.bender/git/checkouts/common_cells-aa028fdb314cdab0/include/common_cells/registers.svh'.
Back to file '/home/bea/snitch-axi4-xbars/sc/.bender/git/checkouts/idma-4309a974a96e0c08/target/rtl/idma_generated.sv'.
Parsing included file '/home/bea/snitch-axi4-xbars/sc/.bender/git/checkouts/common_cells-aa028fdb314cdab0/include/common_cells/assertions.svh'.
Back to file '/home/bea/snitch-axi4-xbars/sc/.bender/git/checkouts/idma-4309a974a96e0c08/target/rtl/idma_generated.sv'.
Parsing included file '/home/bea/snitch-axi4-xbars/sc/.bender/git/checkouts/common_cells-aa028fdb314cdab0/include/common_cells/registers.svh'.
Back to file '/home/bea/snitch-axi4-xbars/sc/.bender/git/checkouts/idma-4309a974a96e0c08/target/rtl/idma_generated.sv'.
Parsing included file '/home/bea/snitch-axi4-xbars/sc/.bender/git/checkouts/common_cells-aa028fdb314cdab0/include/common_cells/assertions.svh'.
Back to file '/home/bea/snitch-axi4-xbars/sc/.bender/git/checkouts/idma-4309a974a96e0c08/target/rtl/idma_generated.sv'.
Parsing included file '/home/bea/snitch-axi4-xbars/sc/.bender/git/checkouts/axi-10c18867bc585e38/include/axi/typedef.svh'.
Back to file '/home/bea/snitch-axi4-xbars/sc/.bender/git/checkouts/idma-4309a974a96e0c08/target/rtl/idma_generated.sv'.
Parsing included file '/home/bea/snitch-axi4-xbars/sc/.bender/git/checkouts/axi-10c18867bc585e38/include/axi/typedef.svh'.
Back to file '/home/bea/snitch-axi4-xbars/sc/.bender/git/checkouts/idma-4309a974a96e0c08/target/rtl/idma_generated.sv'.
Parsing included file '/home/bea/snitch-axi4-xbars/sc/.bender/git/checkouts/axi-10c18867bc585e38/include/axi/typedef.svh'.
Back to file '/home/bea/snitch-axi4-xbars/sc/.bender/git/checkouts/idma-4309a974a96e0c08/target/rtl/idma_generated.sv'.
Parsing included file '/home/bea/snitch-axi4-xbars/sc/.bender/git/checkouts/axi-10c18867bc585e38/include/axi/typedef.svh'.
Back to file '/home/bea/snitch-axi4-xbars/sc/.bender/git/checkouts/idma-4309a974a96e0c08/target/rtl/idma_generated.sv'.
Parsing included file '/home/bea/snitch-axi4-xbars/sc/.bender/git/checkouts/axi-10c18867bc585e38/include/axi/typedef.svh'.
Back to file '/home/bea/snitch-axi4-xbars/sc/.bender/git/checkouts/idma-4309a974a96e0c08/target/rtl/idma_generated.sv'.
Parsing included file '/home/bea/snitch-axi4-xbars/sc/.bender/git/checkouts/axi-10c18867bc585e38/include/axi/typedef.svh'.
Back to file '/home/bea/snitch-axi4-xbars/sc/.bender/git/checkouts/idma-4309a974a96e0c08/target/rtl/idma_generated.sv'.
Parsing included file '/home/bea/snitch-axi4-xbars/sc/.bender/git/checkouts/axi-10c18867bc585e38/include/axi/typedef.svh'.
Back to file '/home/bea/snitch-axi4-xbars/sc/.bender/git/checkouts/idma-4309a974a96e0c08/target/rtl/idma_generated.sv'.
Parsing included file '/home/bea/snitch-axi4-xbars/sc/.bender/git/checkouts/axi_stream-8730fb4f6af32dfe/include/axi_stream/typedef.svh'.
Back to file '/home/bea/snitch-axi4-xbars/sc/.bender/git/checkouts/idma-4309a974a96e0c08/target/rtl/idma_generated.sv'.
Parsing included file '/home/bea/snitch-axi4-xbars/sc/.bender/git/checkouts/idma-4309a974a96e0c08/src/include/idma/typedef.svh'.
Back to file '/home/bea/snitch-axi4-xbars/sc/.bender/git/checkouts/idma-4309a974a96e0c08/target/rtl/idma_generated.sv'.
Parsing included file '/home/bea/snitch-axi4-xbars/sc/.bender/git/checkouts/obi-a325e74505580874/include/obi/typedef.svh'.
Back to file '/home/bea/snitch-axi4-xbars/sc/.bender/git/checkouts/idma-4309a974a96e0c08/target/rtl/idma_generated.sv'.
Parsing included file '/home/bea/snitch-axi4-xbars/sc/.bender/git/checkouts/idma-4309a974a96e0c08/src/include/tilelink/typedef.svh'.
Back to file '/home/bea/snitch-axi4-xbars/sc/.bender/git/checkouts/idma-4309a974a96e0c08/target/rtl/idma_generated.sv'.
Parsing included file '/home/bea/snitch-axi4-xbars/sc/.bender/git/checkouts/axi-10c18867bc585e38/include/axi/typedef.svh'.
Back to file '/home/bea/snitch-axi4-xbars/sc/.bender/git/checkouts/idma-4309a974a96e0c08/target/rtl/idma_generated.sv'.
Parsing included file '/home/bea/snitch-axi4-xbars/sc/.bender/git/checkouts/axi_stream-8730fb4f6af32dfe/include/axi_stream/typedef.svh'.
Back to file '/home/bea/snitch-axi4-xbars/sc/.bender/git/checkouts/idma-4309a974a96e0c08/target/rtl/idma_generated.sv'.
Parsing included file '/home/bea/snitch-axi4-xbars/sc/.bender/git/checkouts/idma-4309a974a96e0c08/src/include/idma/typedef.svh'.
Back to file '/home/bea/snitch-axi4-xbars/sc/.bender/git/checkouts/idma-4309a974a96e0c08/target/rtl/idma_generated.sv'.
Parsing included file '/home/bea/snitch-axi4-xbars/sc/.bender/git/checkouts/obi-a325e74505580874/include/obi/typedef.svh'.
Back to file '/home/bea/snitch-axi4-xbars/sc/.bender/git/checkouts/idma-4309a974a96e0c08/target/rtl/idma_generated.sv'.
Parsing included file '/home/bea/snitch-axi4-xbars/sc/.bender/git/checkouts/axi-10c18867bc585e38/include/axi/typedef.svh'.
Back to file '/home/bea/snitch-axi4-xbars/sc/.bender/git/checkouts/idma-4309a974a96e0c08/target/rtl/idma_generated.sv'.
Parsing included file '/home/bea/snitch-axi4-xbars/sc/.bender/git/checkouts/axi_stream-8730fb4f6af32dfe/include/axi_stream/typedef.svh'.
Back to file '/home/bea/snitch-axi4-xbars/sc/.bender/git/checkouts/idma-4309a974a96e0c08/target/rtl/idma_generated.sv'.
Parsing included file '/home/bea/snitch-axi4-xbars/sc/.bender/git/checkouts/idma-4309a974a96e0c08/src/include/idma/typedef.svh'.
Back to file '/home/bea/snitch-axi4-xbars/sc/.bender/git/checkouts/idma-4309a974a96e0c08/target/rtl/idma_generated.sv'.
Parsing included file '/home/bea/snitch-axi4-xbars/sc/.bender/git/checkouts/obi-a325e74505580874/include/obi/typedef.svh'.
Back to file '/home/bea/snitch-axi4-xbars/sc/.bender/git/checkouts/idma-4309a974a96e0c08/target/rtl/idma_generated.sv'.
Parsing included file '/home/bea/snitch-axi4-xbars/sc/.bender/git/checkouts/axi-10c18867bc585e38/include/axi/typedef.svh'.
Back to file '/home/bea/snitch-axi4-xbars/sc/.bender/git/checkouts/idma-4309a974a96e0c08/target/rtl/idma_generated.sv'.
Parsing included file '/home/bea/snitch-axi4-xbars/sc/.bender/git/checkouts/axi_stream-8730fb4f6af32dfe/include/axi_stream/typedef.svh'.
Back to file '/home/bea/snitch-axi4-xbars/sc/.bender/git/checkouts/idma-4309a974a96e0c08/target/rtl/idma_generated.sv'.
Parsing included file '/home/bea/snitch-axi4-xbars/sc/.bender/git/checkouts/idma-4309a974a96e0c08/src/include/idma/typedef.svh'.
Back to file '/home/bea/snitch-axi4-xbars/sc/.bender/git/checkouts/idma-4309a974a96e0c08/target/rtl/idma_generated.sv'.
Parsing included file '/home/bea/snitch-axi4-xbars/sc/.bender/git/checkouts/obi-a325e74505580874/include/obi/typedef.svh'.
Back to file '/home/bea/snitch-axi4-xbars/sc/.bender/git/checkouts/idma-4309a974a96e0c08/target/rtl/idma_generated.sv'.
Parsing included file '/home/bea/snitch-axi4-xbars/sc/.bender/git/checkouts/axi-10c18867bc585e38/include/axi/typedef.svh'.
Back to file '/home/bea/snitch-axi4-xbars/sc/.bender/git/checkouts/idma-4309a974a96e0c08/target/rtl/idma_generated.sv'.
Parsing included file '/home/bea/snitch-axi4-xbars/sc/.bender/git/checkouts/axi_stream-8730fb4f6af32dfe/include/axi_stream/typedef.svh'.
Back to file '/home/bea/snitch-axi4-xbars/sc/.bender/git/checkouts/idma-4309a974a96e0c08/target/rtl/idma_generated.sv'.
Parsing included file '/home/bea/snitch-axi4-xbars/sc/.bender/git/checkouts/idma-4309a974a96e0c08/src/include/idma/typedef.svh'.
Back to file '/home/bea/snitch-axi4-xbars/sc/.bender/git/checkouts/idma-4309a974a96e0c08/target/rtl/idma_generated.sv'.
Parsing included file '/home/bea/snitch-axi4-xbars/sc/.bender/git/checkouts/obi-a325e74505580874/include/obi/typedef.svh'.
Back to file '/home/bea/snitch-axi4-xbars/sc/.bender/git/checkouts/idma-4309a974a96e0c08/target/rtl/idma_generated.sv'.
Parsing included file '/home/bea/snitch-axi4-xbars/sc/.bender/git/checkouts/axi-10c18867bc585e38/include/axi/typedef.svh'.
Back to file '/home/bea/snitch-axi4-xbars/sc/.bender/git/checkouts/idma-4309a974a96e0c08/target/rtl/idma_generated.sv'.
Parsing included file '/home/bea/snitch-axi4-xbars/sc/.bender/git/checkouts/axi_stream-8730fb4f6af32dfe/include/axi_stream/typedef.svh'.
Back to file '/home/bea/snitch-axi4-xbars/sc/.bender/git/checkouts/idma-4309a974a96e0c08/target/rtl/idma_generated.sv'.
Parsing included file '/home/bea/snitch-axi4-xbars/sc/.bender/git/checkouts/idma-4309a974a96e0c08/src/include/idma/typedef.svh'.
Back to file '/home/bea/snitch-axi4-xbars/sc/.bender/git/checkouts/idma-4309a974a96e0c08/target/rtl/idma_generated.sv'.
Parsing included file '/home/bea/snitch-axi4-xbars/sc/.bender/git/checkouts/obi-a325e74505580874/include/obi/typedef.svh'.
Back to file '/home/bea/snitch-axi4-xbars/sc/.bender/git/checkouts/idma-4309a974a96e0c08/target/rtl/idma_generated.sv'.
Parsing included file '/home/bea/snitch-axi4-xbars/sc/.bender/git/checkouts/common_cells-aa028fdb314cdab0/include/common_cells/assertions.svh'.
Back to file '/home/bea/snitch-axi4-xbars/sc/.bender/git/checkouts/idma-4309a974a96e0c08/target/rtl/idma_generated.sv'.
Parsing included file '/home/bea/snitch-axi4-xbars/sc/.bender/git/checkouts/register_interface-5a95d2f18694a6d3/include/register_interface/typedef.svh'.
Back to file '/home/bea/snitch-axi4-xbars/sc/.bender/git/checkouts/idma-4309a974a96e0c08/target/rtl/idma_generated.sv'.
Parsing included file '/home/bea/snitch-axi4-xbars/sc/.bender/git/checkouts/register_interface-5a95d2f18694a6d3/include/register_interface/assign.svh'.
Back to file '/home/bea/snitch-axi4-xbars/sc/.bender/git/checkouts/idma-4309a974a96e0c08/target/rtl/idma_generated.sv'.
Parsing included file '/home/bea/snitch-axi4-xbars/sc/.bender/git/checkouts/common_cells-aa028fdb314cdab0/include/common_cells/assertions.svh'.
Back to file '/home/bea/snitch-axi4-xbars/sc/.bender/git/checkouts/idma-4309a974a96e0c08/target/rtl/idma_generated.sv'.
Parsing included file '/home/bea/snitch-axi4-xbars/sc/.bender/git/checkouts/common_cells-aa028fdb314cdab0/include/common_cells/assertions.svh'.
Back to file '/home/bea/snitch-axi4-xbars/sc/.bender/git/checkouts/idma-4309a974a96e0c08/target/rtl/idma_generated.sv'.
Parsing included file '/home/bea/snitch-axi4-xbars/sc/.bender/git/checkouts/common_cells-aa028fdb314cdab0/include/common_cells/assertions.svh'.
Back to file '/home/bea/snitch-axi4-xbars/sc/.bender/git/checkouts/idma-4309a974a96e0c08/target/rtl/idma_generated.sv'.
CPU time: .401 seconds to compile

Warning-[LNX_OS_VERUN] Unsupported Linux version
  Linux version 'AlmaLinux release 9.8 (Olive Jaguar)' is not supported on 
  'x86_64' officially, assuming linux compatibility by default. Set 
  VCS_ARCH_OVERRIDE to linux or suse32 to override.
  Please refer to release notes for information on supported platforms.

                         Chronologic VCS (TM)
        Version W-2024.09-1_Full64 -- Tue Sep 29 17:03:59 2026

                    Copyright (c) 1991 - 2024 Synopsys, Inc.
   This software and the associated documentation are proprietary to Synopsys,
 Inc. This software may only be used in accordance with the terms and conditions
 of a written license agreement with Synopsys, Inc. All other use, reproduction,
   or distribution of this software is strictly prohibited.  Licensed Products
     communicate with Synopsys servers for the purpose of providing software
    updates, detecting software piracy and verifying that customers are using
    Licensed Products in conformity with the applicable License Key for such
  Licensed Products. Synopsys will use information gathered in connection with
    this process to deliver software updates and pursue software pirates and
                                   infringers.

 Inclusivity & Diversity - Visit SolvNetPlus to read the "Synopsys Statement on
            Inclusivity and Diversity" (Refer to article 000036315 at
                        https://solvnetplus.synopsys.com)

Parsing design file '/home/bea/snitch-axi4-xbars/sc/.bender/git/checkouts/idma-4309a974a96e0c08/src/midend/idma_mp_dist_midend.sv'
Parsing included file '/home/bea/snitch-axi4-xbars/sc/.bender/git/checkouts/common_cells-aa028fdb314cdab0/include/common_cells/registers.svh'.
Back to file '/home/bea/snitch-axi4-xbars/sc/.bender/git/checkouts/idma-4309a974a96e0c08/src/midend/idma_mp_dist_midend.sv'.
Parsing design file '/home/bea/snitch-axi4-xbars/sc/.bender/git/checkouts/idma-4309a974a96e0c08/src/midend/idma_mp_split_midend.sv'
Parsing included file '/home/bea/snitch-axi4-xbars/sc/.bender/git/checkouts/common_cells-aa028fdb314cdab0/include/common_cells/registers.svh'.
Back to file '/home/bea/snitch-axi4-xbars/sc/.bender/git/checkouts/idma-4309a974a96e0c08/src/midend/idma_mp_split_midend.sv'.
Parsing design file '/home/bea/snitch-axi4-xbars/sc/.bender/git/checkouts/idma-4309a974a96e0c08/src/midend/idma_nd_midend.sv'
Parsing included file '/home/bea/snitch-axi4-xbars/sc/.bender/git/checkouts/common_cells-aa028fdb314cdab0/include/common_cells/registers.svh'.
Back to file '/home/bea/snitch-axi4-xbars/sc/.bender/git/checkouts/idma-4309a974a96e0c08/src/midend/idma_nd_midend.sv'.
Parsing included file '/home/bea/snitch-axi4-xbars/sc/.bender/git/checkouts/idma-4309a974a96e0c08/src/include/idma/guard.svh'.
Back to file '/home/bea/snitch-axi4-xbars/sc/.bender/git/checkouts/idma-4309a974a96e0c08/src/midend/idma_nd_midend.sv'.
Parsing design file '/home/bea/snitch-axi4-xbars/sc/.bender/git/checkouts/idma-4309a974a96e0c08/src/midend/idma_rt_midend.sv'
CPU time: .280 seconds to compile

Warning-[LNX_OS_VERUN] Unsupported Linux version
  Linux version 'AlmaLinux release 9.8 (Olive Jaguar)' is not supported on 
  'x86_64' officially, assuming linux compatibility by default. Set 
  VCS_ARCH_OVERRIDE to linux or suse32 to override.
  Please refer to release notes for information on supported platforms.

                         Chronologic VCS (TM)
        Version W-2024.09-1_Full64 -- Tue Sep 29 17:04:00 2026

                    Copyright (c) 1991 - 2024 Synopsys, Inc.
   This software and the associated documentation are proprietary to Synopsys,
 Inc. This software may only be used in accordance with the terms and conditions
 of a written license agreement with Synopsys, Inc. All other use, reproduction,
   or distribution of this software is strictly prohibited.  Licensed Products
     communicate with Synopsys servers for the purpose of providing software
    updates, detecting software piracy and verifying that customers are using
    Licensed Products in conformity with the applicable License Key for such
  Licensed Products. Synopsys will use information gathered in connection with
    this process to deliver software updates and pursue software pirates and
                                   infringers.

 Inclusivity & Diversity - Visit SolvNetPlus to read the "Synopsys Statement on
            Inclusivity and Diversity" (Refer to article 000036315 at
                        https://solvnetplus.synopsys.com)

Parsing design file '/home/bea/snitch-axi4-xbars/sc/.bender/git/checkouts/idma-4309a974a96e0c08/src/frontend/inst64/idma_inst64_snitch_pkg.sv'
CPU time: .208 seconds to compile

Warning-[LNX_OS_VERUN] Unsupported Linux version
  Linux version 'AlmaLinux release 9.8 (Olive Jaguar)' is not supported on 
  'x86_64' officially, assuming linux compatibility by default. Set 
  VCS_ARCH_OVERRIDE to linux or suse32 to override.
  Please refer to release notes for information on supported platforms.

                         Chronologic VCS (TM)
        Version W-2024.09-1_Full64 -- Tue Sep 29 17:04:00 2026

                    Copyright (c) 1991 - 2024 Synopsys, Inc.
   This software and the associated documentation are proprietary to Synopsys,
 Inc. This software may only be used in accordance with the terms and conditions
 of a written license agreement with Synopsys, Inc. All other use, reproduction,
   or distribution of this software is strictly prohibited.  Licensed Products
     communicate with Synopsys servers for the purpose of providing software
    updates, detecting software piracy and verifying that customers are using
    Licensed Products in conformity with the applicable License Key for such
  Licensed Products. Synopsys will use information gathered in connection with
    this process to deliver software updates and pursue software pirates and
                                   infringers.

 Inclusivity & Diversity - Visit SolvNetPlus to read the "Synopsys Statement on
            Inclusivity and Diversity" (Refer to article 000036315 at
                        https://solvnetplus.synopsys.com)

Parsing design file '/home/bea/snitch-axi4-xbars/sc/.bender/git/checkouts/idma-4309a974a96e0c08/src/frontend/desc64/idma_desc64_ar_gen.sv'
Parsing included file '/home/bea/snitch-axi4-xbars/sc/.bender/git/checkouts/common_cells-aa028fdb314cdab0/include/common_cells/assertions.svh'.
Back to file '/home/bea/snitch-axi4-xbars/sc/.bender/git/checkouts/idma-4309a974a96e0c08/src/frontend/desc64/idma_desc64_ar_gen.sv'.
Parsing included file '/home/bea/snitch-axi4-xbars/sc/.bender/git/checkouts/common_cells-aa028fdb314cdab0/include/common_cells/registers.svh'.
Back to file '/home/bea/snitch-axi4-xbars/sc/.bender/git/checkouts/idma-4309a974a96e0c08/src/frontend/desc64/idma_desc64_ar_gen.sv'.
Parsing design file '/home/bea/snitch-axi4-xbars/sc/.bender/git/checkouts/idma-4309a974a96e0c08/src/frontend/desc64/idma_desc64_ar_gen_prefetch.sv'
Parsing included file '/home/bea/snitch-axi4-xbars/sc/.bender/git/checkouts/common_cells-aa028fdb314cdab0/include/common_cells/assertions.svh'.
Back to file '/home/bea/snitch-axi4-xbars/sc/.bender/git/checkouts/idma-4309a974a96e0c08/src/frontend/desc64/idma_desc64_ar_gen_prefetch.sv'.
Parsing included file '/home/bea/snitch-axi4-xbars/sc/.bender/git/checkouts/common_cells-aa028fdb314cdab0/include/common_cells/registers.svh'.
Back to file '/home/bea/snitch-axi4-xbars/sc/.bender/git/checkouts/idma-4309a974a96e0c08/src/frontend/desc64/idma_desc64_ar_gen_prefetch.sv'.
Parsing design file '/home/bea/snitch-axi4-xbars/sc/.bender/git/checkouts/idma-4309a974a96e0c08/src/frontend/desc64/idma_desc64_reader.sv'
Parsing included file '/home/bea/snitch-axi4-xbars/sc/.bender/git/checkouts/common_cells-aa028fdb314cdab0/include/common_cells/registers.svh'.
Back to file '/home/bea/snitch-axi4-xbars/sc/.bender/git/checkouts/idma-4309a974a96e0c08/src/frontend/desc64/idma_desc64_reader.sv'.
Parsing design file '/home/bea/snitch-axi4-xbars/sc/.bender/git/checkouts/idma-4309a974a96e0c08/src/frontend/desc64/idma_desc64_reader_gater.sv'
Parsing included file '/home/bea/snitch-axi4-xbars/sc/.bender/git/checkouts/common_cells-aa028fdb314cdab0/include/common_cells/registers.svh'.
Back to file '/home/bea/snitch-axi4-xbars/sc/.bender/git/checkouts/idma-4309a974a96e0c08/src/frontend/desc64/idma_desc64_reader_gater.sv'.
Parsing design file '/home/bea/snitch-axi4-xbars/sc/.bender/git/checkouts/idma-4309a974a96e0c08/src/frontend/desc64/idma_desc64_reshaper.sv'
Parsing design file '/home/bea/snitch-axi4-xbars/sc/.bender/git/checkouts/idma-4309a974a96e0c08/src/frontend/idma_transfer_id_gen.sv'
CPU time: .231 seconds to compile

Warning-[LNX_OS_VERUN] Unsupported Linux version
  Linux version 'AlmaLinux release 9.8 (Olive Jaguar)' is not supported on 
  'x86_64' officially, assuming linux compatibility by default. Set 
  VCS_ARCH_OVERRIDE to linux or suse32 to override.
  Please refer to release notes for information on supported platforms.

                         Chronologic VCS (TM)
        Version W-2024.09-1_Full64 -- Tue Sep 29 17:04:01 2026

                    Copyright (c) 1991 - 2024 Synopsys, Inc.
   This software and the associated documentation are proprietary to Synopsys,
 Inc. This software may only be used in accordance with the terms and conditions
 of a written license agreement with Synopsys, Inc. All other use, reproduction,
   or distribution of this software is strictly prohibited.  Licensed Products
     communicate with Synopsys servers for the purpose of providing software
    updates, detecting software piracy and verifying that customers are using
    Licensed Products in conformity with the applicable License Key for such
  Licensed Products. Synopsys will use information gathered in connection with
    this process to deliver software updates and pursue software pirates and
                                   infringers.

 Inclusivity & Diversity - Visit SolvNetPlus to read the "Synopsys Statement on
            Inclusivity and Diversity" (Refer to article 000036315 at
                        https://solvnetplus.synopsys.com)

Parsing design file '/home/bea/snitch-axi4-xbars/sc/.bender/git/checkouts/idma-4309a974a96e0c08/src/frontend/inst64/idma_inst64_events.sv'
CPU time: .214 seconds to compile

Warning-[LNX_OS_VERUN] Unsupported Linux version
  Linux version 'AlmaLinux release 9.8 (Olive Jaguar)' is not supported on 
  'x86_64' officially, assuming linux compatibility by default. Set 
  VCS_ARCH_OVERRIDE to linux or suse32 to override.
  Please refer to release notes for information on supported platforms.

                         Chronologic VCS (TM)
        Version W-2024.09-1_Full64 -- Tue Sep 29 17:04:02 2026

                    Copyright (c) 1991 - 2024 Synopsys, Inc.
   This software and the associated documentation are proprietary to Synopsys,
 Inc. This software may only be used in accordance with the terms and conditions
 of a written license agreement with Synopsys, Inc. All other use, reproduction,
   or distribution of this software is strictly prohibited.  Licensed Products
     communicate with Synopsys servers for the purpose of providing software
    updates, detecting software piracy and verifying that customers are using
    Licensed Products in conformity with the applicable License Key for such
  Licensed Products. Synopsys will use information gathered in connection with
    this process to deliver software updates and pursue software pirates and
                                   infringers.

 Inclusivity & Diversity - Visit SolvNetPlus to read the "Synopsys Statement on
            Inclusivity and Diversity" (Refer to article 000036315 at
                        https://solvnetplus.synopsys.com)

Parsing design file '/home/bea/snitch-axi4-xbars/sc/.bender/git/checkouts/idma-4309a974a96e0c08/src/frontend/desc64/idma_desc64_reg_wrapper.sv'
Parsing included file '/home/bea/snitch-axi4-xbars/sc/.bender/git/checkouts/common_cells-aa028fdb314cdab0/include/common_cells/registers.svh'.
Back to file '/home/bea/snitch-axi4-xbars/sc/.bender/git/checkouts/idma-4309a974a96e0c08/src/frontend/desc64/idma_desc64_reg_wrapper.sv'.
CPU time: .221 seconds to compile

Warning-[LNX_OS_VERUN] Unsupported Linux version
  Linux version 'AlmaLinux release 9.8 (Olive Jaguar)' is not supported on 
  'x86_64' officially, assuming linux compatibility by default. Set 
  VCS_ARCH_OVERRIDE to linux or suse32 to override.
  Please refer to release notes for information on supported platforms.

                         Chronologic VCS (TM)
        Version W-2024.09-1_Full64 -- Tue Sep 29 17:04:02 2026

                    Copyright (c) 1991 - 2024 Synopsys, Inc.
   This software and the associated documentation are proprietary to Synopsys,
 Inc. This software may only be used in accordance with the terms and conditions
 of a written license agreement with Synopsys, Inc. All other use, reproduction,
   or distribution of this software is strictly prohibited.  Licensed Products
     communicate with Synopsys servers for the purpose of providing software
    updates, detecting software piracy and verifying that customers are using
    Licensed Products in conformity with the applicable License Key for such
  Licensed Products. Synopsys will use information gathered in connection with
    this process to deliver software updates and pursue software pirates and
                                   infringers.

 Inclusivity & Diversity - Visit SolvNetPlus to read the "Synopsys Statement on
            Inclusivity and Diversity" (Refer to article 000036315 at
                        https://solvnetplus.synopsys.com)

Parsing design file '/home/bea/snitch-axi4-xbars/sc/.bender/git/checkouts/idma-4309a974a96e0c08/src/frontend/inst64/idma_inst64_top.sv'
Parsing included file '/home/bea/snitch-axi4-xbars/sc/.bender/git/checkouts/common_cells-aa028fdb314cdab0/include/common_cells/registers.svh'.
Back to file '/home/bea/snitch-axi4-xbars/sc/.bender/git/checkouts/idma-4309a974a96e0c08/src/frontend/inst64/idma_inst64_top.sv'.
Parsing included file '/home/bea/snitch-axi4-xbars/sc/.bender/git/checkouts/idma-4309a974a96e0c08/src/include/idma/typedef.svh'.
Back to file '/home/bea/snitch-axi4-xbars/sc/.bender/git/checkouts/idma-4309a974a96e0c08/src/frontend/inst64/idma_inst64_top.sv'.
CPU time: .235 seconds to compile

Warning-[LNX_OS_VERUN] Unsupported Linux version
  Linux version 'AlmaLinux release 9.8 (Olive Jaguar)' is not supported on 
  'x86_64' officially, assuming linux compatibility by default. Set 
  VCS_ARCH_OVERRIDE to linux or suse32 to override.
  Please refer to release notes for information on supported platforms.

                         Chronologic VCS (TM)
        Version W-2024.09-1_Full64 -- Tue Sep 29 17:04:03 2026

                    Copyright (c) 1991 - 2024 Synopsys, Inc.
   This software and the associated documentation are proprietary to Synopsys,
 Inc. This software may only be used in accordance with the terms and conditions
 of a written license agreement with Synopsys, Inc. All other use, reproduction,
   or distribution of this software is strictly prohibited.  Licensed Products
     communicate with Synopsys servers for the purpose of providing software
    updates, detecting software piracy and verifying that customers are using
    Licensed Products in conformity with the applicable License Key for such
  Licensed Products. Synopsys will use information gathered in connection with
    this process to deliver software updates and pursue software pirates and
                                   infringers.

 Inclusivity & Diversity - Visit SolvNetPlus to read the "Synopsys Statement on
            Inclusivity and Diversity" (Refer to article 000036315 at
                        https://solvnetplus.synopsys.com)

Parsing design file '/home/bea/snitch-axi4-xbars/sc/.bender/git/checkouts/idma-4309a974a96e0c08/src/frontend/desc64/idma_desc64_top.sv'
Parsing included file '/home/bea/snitch-axi4-xbars/sc/.bender/git/checkouts/common_cells-aa028fdb314cdab0/include/common_cells/registers.svh'.
Back to file '/home/bea/snitch-axi4-xbars/sc/.bender/git/checkouts/idma-4309a974a96e0c08/src/frontend/desc64/idma_desc64_top.sv'.
Parsing included file '/home/bea/snitch-axi4-xbars/sc/.bender/git/checkouts/common_cells-aa028fdb314cdab0/include/common_cells/assertions.svh'.
Back to file '/home/bea/snitch-axi4-xbars/sc/.bender/git/checkouts/idma-4309a974a96e0c08/src/frontend/desc64/idma_desc64_top.sv'.
CPU time: .213 seconds to compile

Warning-[LNX_OS_VERUN] Unsupported Linux version
  Linux version 'AlmaLinux release 9.8 (Olive Jaguar)' is not supported on 
  'x86_64' officially, assuming linux compatibility by default. Set 
  VCS_ARCH_OVERRIDE to linux or suse32 to override.
  Please refer to release notes for information on supported platforms.

                         Chronologic VCS (TM)
        Version W-2024.09-1_Full64 -- Tue Sep 29 17:04:04 2026

                    Copyright (c) 1991 - 2024 Synopsys, Inc.
   This software and the associated documentation are proprietary to Synopsys,
 Inc. This software may only be used in accordance with the terms and conditions
 of a written license agreement with Synopsys, Inc. All other use, reproduction,
   or distribution of this software is strictly prohibited.  Licensed Products
     communicate with Synopsys servers for the purpose of providing software
    updates, detecting software piracy and verifying that customers are using
    Licensed Products in conformity with the applicable License Key for such
  Licensed Products. Synopsys will use information gathered in connection with
    this process to deliver software updates and pursue software pirates and
                                   infringers.

 Inclusivity & Diversity - Visit SolvNetPlus to read the "Synopsys Statement on
            Inclusivity and Diversity" (Refer to article 000036315 at
                        https://solvnetplus.synopsys.com)

Parsing design file '/home/bea/snitch-axi4-xbars/sc/.bender/git/checkouts/riscv-dbg-4d2e83f8d49c3adc/src/dm_pkg.sv'
Parsing design file '/home/bea/snitch-axi4-xbars/sc/.bender/git/checkouts/riscv-dbg-4d2e83f8d49c3adc/debug_rom/debug_rom.sv'
Parsing design file '/home/bea/snitch-axi4-xbars/sc/.bender/git/checkouts/riscv-dbg-4d2e83f8d49c3adc/debug_rom/debug_rom_one_scratch.sv'
Parsing design file '/home/bea/snitch-axi4-xbars/sc/.bender/git/checkouts/riscv-dbg-4d2e83f8d49c3adc/src/dm_csrs.sv'
Parsing design file '/home/bea/snitch-axi4-xbars/sc/.bender/git/checkouts/riscv-dbg-4d2e83f8d49c3adc/src/dm_mem.sv'
Parsing design file '/home/bea/snitch-axi4-xbars/sc/.bender/git/checkouts/riscv-dbg-4d2e83f8d49c3adc/src/dmi_cdc.sv'
CPU time: .210 seconds to compile

Warning-[LNX_OS_VERUN] Unsupported Linux version
  Linux version 'AlmaLinux release 9.8 (Olive Jaguar)' is not supported on 
  'x86_64' officially, assuming linux compatibility by default. Set 
  VCS_ARCH_OVERRIDE to linux or suse32 to override.
  Please refer to release notes for information on supported platforms.

                         Chronologic VCS (TM)
        Version W-2024.09-1_Full64 -- Tue Sep 29 17:04:04 2026

                    Copyright (c) 1991 - 2024 Synopsys, Inc.
   This software and the associated documentation are proprietary to Synopsys,
 Inc. This software may only be used in accordance with the terms and conditions
 of a written license agreement with Synopsys, Inc. All other use, reproduction,
   or distribution of this software is strictly prohibited.  Licensed Products
     communicate with Synopsys servers for the purpose of providing software
    updates, detecting software piracy and verifying that customers are using
    Licensed Products in conformity with the applicable License Key for such
  Licensed Products. Synopsys will use information gathered in connection with
    this process to deliver software updates and pursue software pirates and
                                   infringers.

 Inclusivity & Diversity - Visit SolvNetPlus to read the "Synopsys Statement on
            Inclusivity and Diversity" (Refer to article 000036315 at
                        https://solvnetplus.synopsys.com)

Parsing design file '/home/bea/snitch-axi4-xbars/sc/.bender/git/checkouts/riscv-dbg-4d2e83f8d49c3adc/src/dmi_jtag_tap.sv'
CPU time: .176 seconds to compile

Warning-[LNX_OS_VERUN] Unsupported Linux version
  Linux version 'AlmaLinux release 9.8 (Olive Jaguar)' is not supported on 
  'x86_64' officially, assuming linux compatibility by default. Set 
  VCS_ARCH_OVERRIDE to linux or suse32 to override.
  Please refer to release notes for information on supported platforms.

                         Chronologic VCS (TM)
        Version W-2024.09-1_Full64 -- Tue Sep 29 17:04:05 2026

                    Copyright (c) 1991 - 2024 Synopsys, Inc.
   This software and the associated documentation are proprietary to Synopsys,
 Inc. This software may only be used in accordance with the terms and conditions
 of a written license agreement with Synopsys, Inc. All other use, reproduction,
   or distribution of this software is strictly prohibited.  Licensed Products
     communicate with Synopsys servers for the purpose of providing software
    updates, detecting software piracy and verifying that customers are using
    Licensed Products in conformity with the applicable License Key for such
  Licensed Products. Synopsys will use information gathered in connection with
    this process to deliver software updates and pursue software pirates and
                                   infringers.

 Inclusivity & Diversity - Visit SolvNetPlus to read the "Synopsys Statement on
            Inclusivity and Diversity" (Refer to article 000036315 at
                        https://solvnetplus.synopsys.com)

Parsing design file '/home/bea/snitch-axi4-xbars/sc/.bender/git/checkouts/riscv-dbg-4d2e83f8d49c3adc/src/dm_sba.sv'
Parsing design file '/home/bea/snitch-axi4-xbars/sc/.bender/git/checkouts/riscv-dbg-4d2e83f8d49c3adc/src/dm_top.sv'
Parsing design file '/home/bea/snitch-axi4-xbars/sc/.bender/git/checkouts/riscv-dbg-4d2e83f8d49c3adc/src/dmi_jtag.sv'
Parsing design file '/home/bea/snitch-axi4-xbars/sc/.bender/git/checkouts/riscv-dbg-4d2e83f8d49c3adc/src/dm_obi_top.sv'
CPU time: .233 seconds to compile

Warning-[LNX_OS_VERUN] Unsupported Linux version
  Linux version 'AlmaLinux release 9.8 (Olive Jaguar)' is not supported on 
  'x86_64' officially, assuming linux compatibility by default. Set 
  VCS_ARCH_OVERRIDE to linux or suse32 to override.
  Please refer to release notes for information on supported platforms.

                         Chronologic VCS (TM)
        Version W-2024.09-1_Full64 -- Tue Sep 29 17:04:06 2026

                    Copyright (c) 1991 - 2024 Synopsys, Inc.
   This software and the associated documentation are proprietary to Synopsys,
 Inc. This software may only be used in accordance with the terms and conditions
 of a written license agreement with Synopsys, Inc. All other use, reproduction,
   or distribution of this software is strictly prohibited.  Licensed Products
     communicate with Synopsys servers for the purpose of providing software
    updates, detecting software piracy and verifying that customers are using
    Licensed Products in conformity with the applicable License Key for such
  Licensed Products. Synopsys will use information gathered in connection with
    this process to deliver software updates and pursue software pirates and
                                   infringers.

 Inclusivity & Diversity - Visit SolvNetPlus to read the "Synopsys Statement on
            Inclusivity and Diversity" (Refer to article 000036315 at
                        https://solvnetplus.synopsys.com)

Parsing design file '/home/bea/snitch-axi4-xbars/sc/.bender/git/checkouts/riscv-dbg-4d2e83f8d49c3adc/src/dmi_test.sv'
CPU time: .215 seconds to compile

Warning-[LNX_OS_VERUN] Unsupported Linux version
  Linux version 'AlmaLinux release 9.8 (Olive Jaguar)' is not supported on 
  'x86_64' officially, assuming linux compatibility by default. Set 
  VCS_ARCH_OVERRIDE to linux or suse32 to override.
  Please refer to release notes for information on supported platforms.

                         Chronologic VCS (TM)
        Version W-2024.09-1_Full64 -- Tue Sep 29 17:04:06 2026

                    Copyright (c) 1991 - 2024 Synopsys, Inc.
   This software and the associated documentation are proprietary to Synopsys,
 Inc. This software may only be used in accordance with the terms and conditions
 of a written license agreement with Synopsys, Inc. All other use, reproduction,
   or distribution of this software is strictly prohibited.  Licensed Products
     communicate with Synopsys servers for the purpose of providing software
    updates, detecting software piracy and verifying that customers are using
    Licensed Products in conformity with the applicable License Key for such
  Licensed Products. Synopsys will use information gathered in connection with
    this process to deliver software updates and pursue software pirates and
                                   infringers.

 Inclusivity & Diversity - Visit SolvNetPlus to read the "Synopsys Statement on
            Inclusivity and Diversity" (Refer to article 000036315 at
                        https://solvnetplus.synopsys.com)

Parsing design file '/home/bea/snitch-axi4-xbars/sc/.bender/git/checkouts/riscv-dbg-4d2e83f8d49c3adc/src/dmi_intf.sv'
Parsing design file '/home/bea/snitch-axi4-xbars/sc/.bender/git/checkouts/riscv-dbg-4d2e83f8d49c3adc/tb/jtag_dmi/jtag_intf.sv'
Parsing design file '/home/bea/snitch-axi4-xbars/sc/.bender/git/checkouts/riscv-dbg-4d2e83f8d49c3adc/tb/jtag_dmi/jtag_test.sv'
Parsing design file '/home/bea/snitch-axi4-xbars/sc/.bender/git/checkouts/riscv-dbg-4d2e83f8d49c3adc/tb/jtag_dmi/tb_jtag_dmi.sv'
CPU time: .225 seconds to compile

Warning-[LNX_OS_VERUN] Unsupported Linux version
  Linux version 'AlmaLinux release 9.8 (Olive Jaguar)' is not supported on 
  'x86_64' officially, assuming linux compatibility by default. Set 
  VCS_ARCH_OVERRIDE to linux or suse32 to override.
  Please refer to release notes for information on supported platforms.

                         Chronologic VCS (TM)
        Version W-2024.09-1_Full64 -- Tue Sep 29 17:04:07 2026

                    Copyright (c) 1991 - 2024 Synopsys, Inc.
   This software and the associated documentation are proprietary to Synopsys,
 Inc. This software may only be used in accordance with the terms and conditions
 of a written license agreement with Synopsys, Inc. All other use, reproduction,
   or distribution of this software is strictly prohibited.  Licensed Products
     communicate with Synopsys servers for the purpose of providing software
    updates, detecting software piracy and verifying that customers are using
    Licensed Products in conformity with the applicable License Key for such
  Licensed Products. Synopsys will use information gathered in connection with
    this process to deliver software updates and pursue software pirates and
                                   infringers.

 Inclusivity & Diversity - Visit SolvNetPlus to read the "Synopsys Statement on
            Inclusivity and Diversity" (Refer to article 000036315 at
                        https://solvnetplus.synopsys.com)

Parsing design file '/home/bea/snitch-axi4-xbars/sc/hw/reqrsp_interface/src/reqrsp_pkg.sv'
Parsing design file '/home/bea/snitch-axi4-xbars/sc/hw/reqrsp_interface/src/reqrsp_intf.sv'
Parsing design file '/home/bea/snitch-axi4-xbars/sc/hw/reqrsp_interface/src/axi_to_reqrsp.sv'
Parsing included file '/home/bea/snitch-axi4-xbars/sc/.bender/git/checkouts/common_cells-aa028fdb314cdab0/include/common_cells/registers.svh'.
Back to file '/home/bea/snitch-axi4-xbars/sc/hw/reqrsp_interface/src/axi_to_reqrsp.sv'.
Parsing included file '/home/bea/snitch-axi4-xbars/sc/.bender/git/checkouts/common_cells-aa028fdb314cdab0/include/common_cells/assertions.svh'.
Back to file '/home/bea/snitch-axi4-xbars/sc/hw/reqrsp_interface/src/axi_to_reqrsp.sv'.
Parsing included file '/home/bea/snitch-axi4-xbars/sc/hw/reqrsp_interface/include/reqrsp_interface/typedef.svh'.
Back to file '/home/bea/snitch-axi4-xbars/sc/hw/reqrsp_interface/src/axi_to_reqrsp.sv'.
Parsing included file '/home/bea/snitch-axi4-xbars/sc/hw/reqrsp_interface/include/reqrsp_interface/assign.svh'.
Back to file '/home/bea/snitch-axi4-xbars/sc/hw/reqrsp_interface/src/axi_to_reqrsp.sv'.
Parsing included file '/home/bea/snitch-axi4-xbars/sc/.bender/git/checkouts/axi-10c18867bc585e38/include/axi/typedef.svh'.
Back to file '/home/bea/snitch-axi4-xbars/sc/hw/reqrsp_interface/src/axi_to_reqrsp.sv'.
Parsing included file '/home/bea/snitch-axi4-xbars/sc/.bender/git/checkouts/axi-10c18867bc585e38/include/axi/assign.svh'.
Back to file '/home/bea/snitch-axi4-xbars/sc/hw/reqrsp_interface/src/axi_to_reqrsp.sv'.
Parsing design file '/home/bea/snitch-axi4-xbars/sc/hw/reqrsp_interface/src/reqrsp_cut.sv'
Parsing included file '/home/bea/snitch-axi4-xbars/sc/hw/reqrsp_interface/include/reqrsp_interface/assign.svh'.
Back to file '/home/bea/snitch-axi4-xbars/sc/hw/reqrsp_interface/src/reqrsp_cut.sv'.
Parsing design file '/home/bea/snitch-axi4-xbars/sc/hw/reqrsp_interface/src/reqrsp_demux.sv'
Parsing included file '/home/bea/snitch-axi4-xbars/sc/.bender/git/checkouts/common_cells-aa028fdb314cdab0/include/common_cells/assertions.svh'.
Back to file '/home/bea/snitch-axi4-xbars/sc/hw/reqrsp_interface/src/reqrsp_demux.sv'.
Parsing included file '/home/bea/snitch-axi4-xbars/sc/hw/reqrsp_interface/include/reqrsp_interface/assign.svh'.
Back to file '/home/bea/snitch-axi4-xbars/sc/hw/reqrsp_interface/src/reqrsp_demux.sv'.
Parsing design file '/home/bea/snitch-axi4-xbars/sc/hw/reqrsp_interface/src/reqrsp_iso.sv'
Parsing included file '/home/bea/snitch-axi4-xbars/sc/hw/reqrsp_interface/include/reqrsp_interface/assign.svh'.
Back to file '/home/bea/snitch-axi4-xbars/sc/hw/reqrsp_interface/src/reqrsp_iso.sv'.
Parsing design file '/home/bea/snitch-axi4-xbars/sc/hw/reqrsp_interface/src/reqrsp_mux.sv'
Parsing included file '/home/bea/snitch-axi4-xbars/sc/hw/reqrsp_interface/include/reqrsp_interface/assign.svh'.
Back to file '/home/bea/snitch-axi4-xbars/sc/hw/reqrsp_interface/src/reqrsp_mux.sv'.
Parsing design file '/home/bea/snitch-axi4-xbars/sc/hw/reqrsp_interface/src/reqrsp_to_axi.sv'
Parsing included file '/home/bea/snitch-axi4-xbars/sc/.bender/git/checkouts/common_cells-aa028fdb314cdab0/include/common_cells/registers.svh'.
Back to file '/home/bea/snitch-axi4-xbars/sc/hw/reqrsp_interface/src/reqrsp_to_axi.sv'.
Parsing included file '/home/bea/snitch-axi4-xbars/sc/.bender/git/checkouts/common_cells-aa028fdb314cdab0/include/common_cells/assertions.svh'.
Back to file '/home/bea/snitch-axi4-xbars/sc/hw/reqrsp_interface/src/reqrsp_to_axi.sv'.
Parsing included file '/home/bea/snitch-axi4-xbars/sc/hw/reqrsp_interface/include/reqrsp_interface/assign.svh'.
Back to file '/home/bea/snitch-axi4-xbars/sc/hw/reqrsp_interface/src/reqrsp_to_axi.sv'.
Parsing included file '/home/bea/snitch-axi4-xbars/sc/.bender/git/checkouts/axi-10c18867bc585e38/include/axi/typedef.svh'.
Back to file '/home/bea/snitch-axi4-xbars/sc/hw/reqrsp_interface/src/reqrsp_to_axi.sv'.
Parsing included file '/home/bea/snitch-axi4-xbars/sc/.bender/git/checkouts/axi-10c18867bc585e38/include/axi/assign.svh'.
Back to file '/home/bea/snitch-axi4-xbars/sc/hw/reqrsp_interface/src/reqrsp_to_axi.sv'.
CPU time: .308 seconds to compile

Warning-[LNX_OS_VERUN] Unsupported Linux version
  Linux version 'AlmaLinux release 9.8 (Olive Jaguar)' is not supported on 
  'x86_64' officially, assuming linux compatibility by default. Set 
  VCS_ARCH_OVERRIDE to linux or suse32 to override.
  Please refer to release notes for information on supported platforms.

                         Chronologic VCS (TM)
        Version W-2024.09-1_Full64 -- Tue Sep 29 17:04:08 2026

                    Copyright (c) 1991 - 2024 Synopsys, Inc.
   This software and the associated documentation are proprietary to Synopsys,
 Inc. This software may only be used in accordance with the terms and conditions
 of a written license agreement with Synopsys, Inc. All other use, reproduction,
   or distribution of this software is strictly prohibited.  Licensed Products
     communicate with Synopsys servers for the purpose of providing software
    updates, detecting software piracy and verifying that customers are using
    Licensed Products in conformity with the applicable License Key for such
  Licensed Products. Synopsys will use information gathered in connection with
    this process to deliver software updates and pursue software pirates and
                                   infringers.

 Inclusivity & Diversity - Visit SolvNetPlus to read the "Synopsys Statement on
            Inclusivity and Diversity" (Refer to article 000036315 at
                        https://solvnetplus.synopsys.com)

Parsing design file '/home/bea/snitch-axi4-xbars/sc/hw/reqrsp_interface/src/reqrsp_test.sv'
CPU time: .292 seconds to compile

Warning-[LNX_OS_VERUN] Unsupported Linux version
  Linux version 'AlmaLinux release 9.8 (Olive Jaguar)' is not supported on 
  'x86_64' officially, assuming linux compatibility by default. Set 
  VCS_ARCH_OVERRIDE to linux or suse32 to override.
  Please refer to release notes for information on supported platforms.

                         Chronologic VCS (TM)
        Version W-2024.09-1_Full64 -- Tue Sep 29 17:04:09 2026

                    Copyright (c) 1991 - 2024 Synopsys, Inc.
   This software and the associated documentation are proprietary to Synopsys,
 Inc. This software may only be used in accordance with the terms and conditions
 of a written license agreement with Synopsys, Inc. All other use, reproduction,
   or distribution of this software is strictly prohibited.  Licensed Products
     communicate with Synopsys servers for the purpose of providing software
    updates, detecting software piracy and verifying that customers are using
    Licensed Products in conformity with the applicable License Key for such
  Licensed Products. Synopsys will use information gathered in connection with
    this process to deliver software updates and pursue software pirates and
                                   infringers.

 Inclusivity & Diversity - Visit SolvNetPlus to read the "Synopsys Statement on
            Inclusivity and Diversity" (Refer to article 000036315 at
                        https://solvnetplus.synopsys.com)

Parsing design file '/home/bea/snitch-axi4-xbars/sc/hw/reqrsp_interface/test/axi_to_reqrsp_tb.sv'
Parsing included file '/home/bea/snitch-axi4-xbars/sc/hw/reqrsp_interface/include/reqrsp_interface/typedef.svh'.
Back to file '/home/bea/snitch-axi4-xbars/sc/hw/reqrsp_interface/test/axi_to_reqrsp_tb.sv'.
Parsing included file '/home/bea/snitch-axi4-xbars/sc/hw/reqrsp_interface/include/reqrsp_interface/assign.svh'.
Back to file '/home/bea/snitch-axi4-xbars/sc/hw/reqrsp_interface/test/axi_to_reqrsp_tb.sv'.
Parsing included file '/home/bea/snitch-axi4-xbars/sc/.bender/git/checkouts/axi-10c18867bc585e38/include/axi/typedef.svh'.
Back to file '/home/bea/snitch-axi4-xbars/sc/hw/reqrsp_interface/test/axi_to_reqrsp_tb.sv'.
Parsing included file '/home/bea/snitch-axi4-xbars/sc/.bender/git/checkouts/axi-10c18867bc585e38/include/axi/assign.svh'.
Back to file '/home/bea/snitch-axi4-xbars/sc/hw/reqrsp_interface/test/axi_to_reqrsp_tb.sv'.
Parsing design file '/home/bea/snitch-axi4-xbars/sc/hw/reqrsp_interface/test/reqrsp_demux_tb.sv'
Parsing included file '/home/bea/snitch-axi4-xbars/sc/hw/reqrsp_interface/include/reqrsp_interface/assign.svh'.
Back to file '/home/bea/snitch-axi4-xbars/sc/hw/reqrsp_interface/test/reqrsp_demux_tb.sv'.
Parsing design file '/home/bea/snitch-axi4-xbars/sc/hw/reqrsp_interface/test/reqrsp_idempotent_tb.sv'
Parsing included file '/home/bea/snitch-axi4-xbars/sc/hw/reqrsp_interface/include/reqrsp_interface/assign.svh'.
Back to file '/home/bea/snitch-axi4-xbars/sc/hw/reqrsp_interface/test/reqrsp_idempotent_tb.sv'.
Parsing design file '/home/bea/snitch-axi4-xbars/sc/hw/reqrsp_interface/test/reqrsp_mux_tb.sv'
Parsing included file '/home/bea/snitch-axi4-xbars/sc/hw/reqrsp_interface/include/reqrsp_interface/assign.svh'.
Back to file '/home/bea/snitch-axi4-xbars/sc/hw/reqrsp_interface/test/reqrsp_mux_tb.sv'.
Parsing design file '/home/bea/snitch-axi4-xbars/sc/hw/reqrsp_interface/test/reqrsp_to_axi_tb.sv'
Parsing included file '/home/bea/snitch-axi4-xbars/sc/hw/reqrsp_interface/include/reqrsp_interface/assign.svh'.
Back to file '/home/bea/snitch-axi4-xbars/sc/hw/reqrsp_interface/test/reqrsp_to_axi_tb.sv'.
Parsing included file '/home/bea/snitch-axi4-xbars/sc/.bender/git/checkouts/axi-10c18867bc585e38/include/axi/assign.svh'.
Back to file '/home/bea/snitch-axi4-xbars/sc/hw/reqrsp_interface/test/reqrsp_to_axi_tb.sv'.
CPU time: .305 seconds to compile

Warning-[LNX_OS_VERUN] Unsupported Linux version
  Linux version 'AlmaLinux release 9.8 (Olive Jaguar)' is not supported on 
  'x86_64' officially, assuming linux compatibility by default. Set 
  VCS_ARCH_OVERRIDE to linux or suse32 to override.
  Please refer to release notes for information on supported platforms.

                         Chronologic VCS (TM)
        Version W-2024.09-1_Full64 -- Tue Sep 29 17:04:10 2026

                    Copyright (c) 1991 - 2024 Synopsys, Inc.
   This software and the associated documentation are proprietary to Synopsys,
 Inc. This software may only be used in accordance with the terms and conditions
 of a written license agreement with Synopsys, Inc. All other use, reproduction,
   or distribution of this software is strictly prohibited.  Licensed Products
     communicate with Synopsys servers for the purpose of providing software
    updates, detecting software piracy and verifying that customers are using
    Licensed Products in conformity with the applicable License Key for such
  Licensed Products. Synopsys will use information gathered in connection with
    this process to deliver software updates and pursue software pirates and
                                   infringers.

 Inclusivity & Diversity - Visit SolvNetPlus to read the "Synopsys Statement on
            Inclusivity and Diversity" (Refer to article 000036315 at
                        https://solvnetplus.synopsys.com)

Parsing design file '/home/bea/snitch-axi4-xbars/sc/hw/mem_interface/src/mem_wide_narrow_mux.sv'
Parsing included file '/home/bea/snitch-axi4-xbars/sc/.bender/git/checkouts/common_cells-aa028fdb314cdab0/include/common_cells/assertions.svh'.
Back to file '/home/bea/snitch-axi4-xbars/sc/hw/mem_interface/src/mem_wide_narrow_mux.sv'.
Parsing included file '/home/bea/snitch-axi4-xbars/sc/hw/mem_interface/include/mem_interface/typedef.svh'.
Back to file '/home/bea/snitch-axi4-xbars/sc/hw/mem_interface/src/mem_wide_narrow_mux.sv'.
Parsing included file '/home/bea/snitch-axi4-xbars/sc/hw/mem_interface/include/mem_interface/assign.svh'.
Back to file '/home/bea/snitch-axi4-xbars/sc/hw/mem_interface/src/mem_wide_narrow_mux.sv'.
Parsing design file '/home/bea/snitch-axi4-xbars/sc/hw/mem_interface/src/mem_interface.sv'
CPU time: .254 seconds to compile

Warning-[LNX_OS_VERUN] Unsupported Linux version
  Linux version 'AlmaLinux release 9.8 (Olive Jaguar)' is not supported on 
  'x86_64' officially, assuming linux compatibility by default. Set 
  VCS_ARCH_OVERRIDE to linux or suse32 to override.
  Please refer to release notes for information on supported platforms.

                         Chronologic VCS (TM)
        Version W-2024.09-1_Full64 -- Tue Sep 29 17:04:11 2026

                    Copyright (c) 1991 - 2024 Synopsys, Inc.
   This software and the associated documentation are proprietary to Synopsys,
 Inc. This software may only be used in accordance with the terms and conditions
 of a written license agreement with Synopsys, Inc. All other use, reproduction,
   or distribution of this software is strictly prohibited.  Licensed Products
     communicate with Synopsys servers for the purpose of providing software
    updates, detecting software piracy and verifying that customers are using
    Licensed Products in conformity with the applicable License Key for such
  Licensed Products. Synopsys will use information gathered in connection with
    this process to deliver software updates and pursue software pirates and
                                   infringers.

 Inclusivity & Diversity - Visit SolvNetPlus to read the "Synopsys Statement on
            Inclusivity and Diversity" (Refer to article 000036315 at
                        https://solvnetplus.synopsys.com)

Parsing design file '/home/bea/snitch-axi4-xbars/sc/hw/mem_interface/src/mem_test.sv'
CPU time: .232 seconds to compile

Warning-[LNX_OS_VERUN] Unsupported Linux version
  Linux version 'AlmaLinux release 9.8 (Olive Jaguar)' is not supported on 
  'x86_64' officially, assuming linux compatibility by default. Set 
  VCS_ARCH_OVERRIDE to linux or suse32 to override.
  Please refer to release notes for information on supported platforms.

                         Chronologic VCS (TM)
        Version W-2024.09-1_Full64 -- Tue Sep 29 17:04:11 2026

                    Copyright (c) 1991 - 2024 Synopsys, Inc.
   This software and the associated documentation are proprietary to Synopsys,
 Inc. This software may only be used in accordance with the terms and conditions
 of a written license agreement with Synopsys, Inc. All other use, reproduction,
   or distribution of this software is strictly prohibited.  Licensed Products
     communicate with Synopsys servers for the purpose of providing software
    updates, detecting software piracy and verifying that customers are using
    Licensed Products in conformity with the applicable License Key for such
  Licensed Products. Synopsys will use information gathered in connection with
    this process to deliver software updates and pursue software pirates and
                                   infringers.

 Inclusivity & Diversity - Visit SolvNetPlus to read the "Synopsys Statement on
            Inclusivity and Diversity" (Refer to article 000036315 at
                        https://solvnetplus.synopsys.com)

Parsing design file '/home/bea/snitch-axi4-xbars/sc/hw/mem_interface/test/mem_wide_narrow_mux_tb.sv'
Parsing included file '/home/bea/snitch-axi4-xbars/sc/hw/mem_interface/include/mem_interface/assign.svh'.
Back to file '/home/bea/snitch-axi4-xbars/sc/hw/mem_interface/test/mem_wide_narrow_mux_tb.sv'.
CPU time: .225 seconds to compile

Warning-[LNX_OS_VERUN] Unsupported Linux version
  Linux version 'AlmaLinux release 9.8 (Olive Jaguar)' is not supported on 
  'x86_64' officially, assuming linux compatibility by default. Set 
  VCS_ARCH_OVERRIDE to linux or suse32 to override.
  Please refer to release notes for information on supported platforms.

                         Chronologic VCS (TM)
        Version W-2024.09-1_Full64 -- Tue Sep 29 17:04:12 2026

                    Copyright (c) 1991 - 2024 Synopsys, Inc.
   This software and the associated documentation are proprietary to Synopsys,
 Inc. This software may only be used in accordance with the terms and conditions
 of a written license agreement with Synopsys, Inc. All other use, reproduction,
   or distribution of this software is strictly prohibited.  Licensed Products
     communicate with Synopsys servers for the purpose of providing software
    updates, detecting software piracy and verifying that customers are using
    Licensed Products in conformity with the applicable License Key for such
  Licensed Products. Synopsys will use information gathered in connection with
    this process to deliver software updates and pursue software pirates and
                                   infringers.

 Inclusivity & Diversity - Visit SolvNetPlus to read the "Synopsys Statement on
            Inclusivity and Diversity" (Refer to article 000036315 at
                        https://solvnetplus.synopsys.com)

Parsing design file '/home/bea/snitch-axi4-xbars/sc/hw/tcdm_interface/src/tcdm_interface.sv'
Parsing design file '/home/bea/snitch-axi4-xbars/sc/hw/tcdm_interface/src/axi_to_tcdm.sv'
Parsing included file '/home/bea/snitch-axi4-xbars/sc/hw/reqrsp_interface/include/reqrsp_interface/typedef.svh'.
Back to file '/home/bea/snitch-axi4-xbars/sc/hw/tcdm_interface/src/axi_to_tcdm.sv'.
Parsing design file '/home/bea/snitch-axi4-xbars/sc/hw/tcdm_interface/src/reqrsp_to_tcdm.sv'
Parsing included file '/home/bea/snitch-axi4-xbars/sc/hw/reqrsp_interface/include/reqrsp_interface/assign.svh'.
Back to file '/home/bea/snitch-axi4-xbars/sc/hw/tcdm_interface/src/reqrsp_to_tcdm.sv'.
Parsing included file '/home/bea/snitch-axi4-xbars/sc/hw/tcdm_interface/include/tcdm_interface/typedef.svh'.
Back to file '/home/bea/snitch-axi4-xbars/sc/hw/tcdm_interface/src/reqrsp_to_tcdm.sv'.
Parsing included file '/home/bea/snitch-axi4-xbars/sc/hw/tcdm_interface/include/tcdm_interface/assign.svh'.
Back to file '/home/bea/snitch-axi4-xbars/sc/hw/tcdm_interface/src/reqrsp_to_tcdm.sv'.
Parsing design file '/home/bea/snitch-axi4-xbars/sc/hw/tcdm_interface/src/tcdm_mux.sv'
Parsing included file '/home/bea/snitch-axi4-xbars/sc/hw/tcdm_interface/include/tcdm_interface/assign.svh'.
Back to file '/home/bea/snitch-axi4-xbars/sc/hw/tcdm_interface/src/tcdm_mux.sv'.
CPU time: .270 seconds to compile

Warning-[LNX_OS_VERUN] Unsupported Linux version
  Linux version 'AlmaLinux release 9.8 (Olive Jaguar)' is not supported on 
  'x86_64' officially, assuming linux compatibility by default. Set 
  VCS_ARCH_OVERRIDE to linux or suse32 to override.
  Please refer to release notes for information on supported platforms.

                         Chronologic VCS (TM)
        Version W-2024.09-1_Full64 -- Tue Sep 29 17:04:13 2026

                    Copyright (c) 1991 - 2024 Synopsys, Inc.
   This software and the associated documentation are proprietary to Synopsys,
 Inc. This software may only be used in accordance with the terms and conditions
 of a written license agreement with Synopsys, Inc. All other use, reproduction,
   or distribution of this software is strictly prohibited.  Licensed Products
     communicate with Synopsys servers for the purpose of providing software
    updates, detecting software piracy and verifying that customers are using
    Licensed Products in conformity with the applicable License Key for such
  Licensed Products. Synopsys will use information gathered in connection with
    this process to deliver software updates and pursue software pirates and
                                   infringers.

 Inclusivity & Diversity - Visit SolvNetPlus to read the "Synopsys Statement on
            Inclusivity and Diversity" (Refer to article 000036315 at
                        https://solvnetplus.synopsys.com)

Parsing design file '/home/bea/snitch-axi4-xbars/sc/hw/tcdm_interface/src/tcdm_test.sv'
CPU time: .210 seconds to compile

Warning-[LNX_OS_VERUN] Unsupported Linux version
  Linux version 'AlmaLinux release 9.8 (Olive Jaguar)' is not supported on 
  'x86_64' officially, assuming linux compatibility by default. Set 
  VCS_ARCH_OVERRIDE to linux or suse32 to override.
  Please refer to release notes for information on supported platforms.

                         Chronologic VCS (TM)
        Version W-2024.09-1_Full64 -- Tue Sep 29 17:04:14 2026

                    Copyright (c) 1991 - 2024 Synopsys, Inc.
   This software and the associated documentation are proprietary to Synopsys,
 Inc. This software may only be used in accordance with the terms and conditions
 of a written license agreement with Synopsys, Inc. All other use, reproduction,
   or distribution of this software is strictly prohibited.  Licensed Products
     communicate with Synopsys servers for the purpose of providing software
    updates, detecting software piracy and verifying that customers are using
    Licensed Products in conformity with the applicable License Key for such
  Licensed Products. Synopsys will use information gathered in connection with
    this process to deliver software updates and pursue software pirates and
                                   infringers.

 Inclusivity & Diversity - Visit SolvNetPlus to read the "Synopsys Statement on
            Inclusivity and Diversity" (Refer to article 000036315 at
                        https://solvnetplus.synopsys.com)

Parsing design file '/home/bea/snitch-axi4-xbars/sc/hw/tcdm_interface/test/reqrsp_to_tcdm_tb.sv'
Parsing included file '/home/bea/snitch-axi4-xbars/sc/hw/reqrsp_interface/include/reqrsp_interface/assign.svh'.
Back to file '/home/bea/snitch-axi4-xbars/sc/hw/tcdm_interface/test/reqrsp_to_tcdm_tb.sv'.
Parsing included file '/home/bea/snitch-axi4-xbars/sc/hw/tcdm_interface/include/tcdm_interface/assign.svh'.
Back to file '/home/bea/snitch-axi4-xbars/sc/hw/tcdm_interface/test/reqrsp_to_tcdm_tb.sv'.
Parsing design file '/home/bea/snitch-axi4-xbars/sc/hw/tcdm_interface/test/tcdm_mux_tb.sv'
Parsing included file '/home/bea/snitch-axi4-xbars/sc/hw/tcdm_interface/include/tcdm_interface/assign.svh'.
Back to file '/home/bea/snitch-axi4-xbars/sc/hw/tcdm_interface/test/tcdm_mux_tb.sv'.
CPU time: .267 seconds to compile

Warning-[LNX_OS_VERUN] Unsupported Linux version
  Linux version 'AlmaLinux release 9.8 (Olive Jaguar)' is not supported on 
  'x86_64' officially, assuming linux compatibility by default. Set 
  VCS_ARCH_OVERRIDE to linux or suse32 to override.
  Please refer to release notes for information on supported platforms.

                         Chronologic VCS (TM)
        Version W-2024.09-1_Full64 -- Tue Sep 29 17:04:14 2026

                    Copyright (c) 1991 - 2024 Synopsys, Inc.
   This software and the associated documentation are proprietary to Synopsys,
 Inc. This software may only be used in accordance with the terms and conditions
 of a written license agreement with Synopsys, Inc. All other use, reproduction,
   or distribution of this software is strictly prohibited.  Licensed Products
     communicate with Synopsys servers for the purpose of providing software
    updates, detecting software piracy and verifying that customers are using
    Licensed Products in conformity with the applicable License Key for such
  Licensed Products. Synopsys will use information gathered in connection with
    this process to deliver software updates and pursue software pirates and
                                   infringers.

 Inclusivity & Diversity - Visit SolvNetPlus to read the "Synopsys Statement on
            Inclusivity and Diversity" (Refer to article 000036315 at
                        https://solvnetplus.synopsys.com)

Parsing design file '/home/bea/snitch-axi4-xbars/sc/hw/snitch/src/snitch_pma_pkg.sv'
Parsing design file '/home/bea/snitch-axi4-xbars/sc/hw/snitch/src/riscv_instr.sv'
Parsing design file '/home/bea/snitch-axi4-xbars/sc/hw/snitch/src/snitch_pkg.sv'
Parsing design file '/home/bea/snitch-axi4-xbars/sc/hw/snitch/src/snitch_regfile_ff.sv'
Parsing design file '/home/bea/snitch-axi4-xbars/sc/hw/snitch/src/snitch_lsu.sv'
Parsing included file '/home/bea/snitch-axi4-xbars/sc/.bender/git/checkouts/common_cells-aa028fdb314cdab0/include/common_cells/assertions.svh'.
Back to file '/home/bea/snitch-axi4-xbars/sc/hw/snitch/src/snitch_lsu.sv'.
Parsing design file '/home/bea/snitch-axi4-xbars/sc/hw/snitch/src/snitch_l0_tlb.sv'
Parsing included file '/home/bea/snitch-axi4-xbars/sc/.bender/git/checkouts/common_cells-aa028fdb314cdab0/include/common_cells/registers.svh'.
Back to file '/home/bea/snitch-axi4-xbars/sc/hw/snitch/src/snitch_l0_tlb.sv'.
CPU time: .247 seconds to compile

Warning-[LNX_OS_VERUN] Unsupported Linux version
  Linux version 'AlmaLinux release 9.8 (Olive Jaguar)' is not supported on 
  'x86_64' officially, assuming linux compatibility by default. Set 
  VCS_ARCH_OVERRIDE to linux or suse32 to override.
  Please refer to release notes for information on supported platforms.

                         Chronologic VCS (TM)
        Version W-2024.09-1_Full64 -- Tue Sep 29 17:04:15 2026

                    Copyright (c) 1991 - 2024 Synopsys, Inc.
   This software and the associated documentation are proprietary to Synopsys,
 Inc. This software may only be used in accordance with the terms and conditions
 of a written license agreement with Synopsys, Inc. All other use, reproduction,
   or distribution of this software is strictly prohibited.  Licensed Products
     communicate with Synopsys servers for the purpose of providing software
    updates, detecting software piracy and verifying that customers are using
    Licensed Products in conformity with the applicable License Key for such
  Licensed Products. Synopsys will use information gathered in connection with
    this process to deliver software updates and pursue software pirates and
                                   infringers.

 Inclusivity & Diversity - Visit SolvNetPlus to read the "Synopsys Statement on
            Inclusivity and Diversity" (Refer to article 000036315 at
                        https://solvnetplus.synopsys.com)

Parsing design file '/home/bea/snitch-axi4-xbars/sc/hw/snitch/src/snitch.sv'
Parsing included file '/home/bea/snitch-axi4-xbars/sc/.bender/git/checkouts/common_cells-aa028fdb314cdab0/include/common_cells/registers.svh'.
Back to file '/home/bea/snitch-axi4-xbars/sc/hw/snitch/src/snitch.sv'.
Parsing included file '/home/bea/snitch-axi4-xbars/sc/.bender/git/checkouts/common_cells-aa028fdb314cdab0/include/common_cells/assertions.svh'.
Back to file '/home/bea/snitch-axi4-xbars/sc/hw/snitch/src/snitch.sv'.
CPU time: .252 seconds to compile

Warning-[LNX_OS_VERUN] Unsupported Linux version
  Linux version 'AlmaLinux release 9.8 (Olive Jaguar)' is not supported on 
  'x86_64' officially, assuming linux compatibility by default. Set 
  VCS_ARCH_OVERRIDE to linux or suse32 to override.
  Please refer to release notes for information on supported platforms.

                         Chronologic VCS (TM)
        Version W-2024.09-1_Full64 -- Tue Sep 29 17:04:16 2026

                    Copyright (c) 1991 - 2024 Synopsys, Inc.
   This software and the associated documentation are proprietary to Synopsys,
 Inc. This software may only be used in accordance with the terms and conditions
 of a written license agreement with Synopsys, Inc. All other use, reproduction,
   or distribution of this software is strictly prohibited.  Licensed Products
     communicate with Synopsys servers for the purpose of providing software
    updates, detecting software piracy and verifying that customers are using
    Licensed Products in conformity with the applicable License Key for such
  Licensed Products. Synopsys will use information gathered in connection with
    this process to deliver software updates and pursue software pirates and
                                   infringers.

 Inclusivity & Diversity - Visit SolvNetPlus to read the "Synopsys Statement on
            Inclusivity and Diversity" (Refer to article 000036315 at
                        https://solvnetplus.synopsys.com)

Parsing design file '/home/bea/snitch-axi4-xbars/sc/hw/snitch/test/snitch_l0_tlb_tb.sv'
Parsing included file '/home/bea/snitch-axi4-xbars/sc/hw/snitch/include/snitch_vm/typedef.svh'.
Back to file '/home/bea/snitch-axi4-xbars/sc/hw/snitch/test/snitch_l0_tlb_tb.sv'.
CPU time: .200 seconds to compile

Warning-[LNX_OS_VERUN] Unsupported Linux version
  Linux version 'AlmaLinux release 9.8 (Olive Jaguar)' is not supported on 
  'x86_64' officially, assuming linux compatibility by default. Set 
  VCS_ARCH_OVERRIDE to linux or suse32 to override.
  Please refer to release notes for information on supported platforms.

                         Chronologic VCS (TM)
        Version W-2024.09-1_Full64 -- Tue Sep 29 17:04:17 2026

                    Copyright (c) 1991 - 2024 Synopsys, Inc.
   This software and the associated documentation are proprietary to Synopsys,
 Inc. This software may only be used in accordance with the terms and conditions
 of a written license agreement with Synopsys, Inc. All other use, reproduction,
   or distribution of this software is strictly prohibited.  Licensed Products
     communicate with Synopsys servers for the purpose of providing software
    updates, detecting software piracy and verifying that customers are using
    Licensed Products in conformity with the applicable License Key for such
  Licensed Products. Synopsys will use information gathered in connection with
    this process to deliver software updates and pursue software pirates and
                                   infringers.

 Inclusivity & Diversity - Visit SolvNetPlus to read the "Synopsys Statement on
            Inclusivity and Diversity" (Refer to article 000036315 at
                        https://solvnetplus.synopsys.com)

Parsing design file '/home/bea/snitch-axi4-xbars/sc/hw/snitch_vm/src/snitch_ptw.sv'
Parsing included file '/home/bea/snitch-axi4-xbars/sc/.bender/git/checkouts/common_cells-aa028fdb314cdab0/include/common_cells/registers.svh'.
Back to file '/home/bea/snitch-axi4-xbars/sc/hw/snitch_vm/src/snitch_ptw.sv'.
Parsing included file '/home/bea/snitch-axi4-xbars/sc/.bender/git/checkouts/common_cells-aa028fdb314cdab0/include/common_cells/assertions.svh'.
Back to file '/home/bea/snitch-axi4-xbars/sc/hw/snitch_vm/src/snitch_ptw.sv'.
CPU time: .288 seconds to compile

Warning-[LNX_OS_VERUN] Unsupported Linux version
  Linux version 'AlmaLinux release 9.8 (Olive Jaguar)' is not supported on 
  'x86_64' officially, assuming linux compatibility by default. Set 
  VCS_ARCH_OVERRIDE to linux or suse32 to override.
  Please refer to release notes for information on supported platforms.

                         Chronologic VCS (TM)
        Version W-2024.09-1_Full64 -- Tue Sep 29 17:04:17 2026

                    Copyright (c) 1991 - 2024 Synopsys, Inc.
   This software and the associated documentation are proprietary to Synopsys,
 Inc. This software may only be used in accordance with the terms and conditions
 of a written license agreement with Synopsys, Inc. All other use, reproduction,
   or distribution of this software is strictly prohibited.  Licensed Products
     communicate with Synopsys servers for the purpose of providing software
    updates, detecting software piracy and verifying that customers are using
    Licensed Products in conformity with the applicable License Key for such
  Licensed Products. Synopsys will use information gathered in connection with
    this process to deliver software updates and pursue software pirates and
                                   infringers.

 Inclusivity & Diversity - Visit SolvNetPlus to read the "Synopsys Statement on
            Inclusivity and Diversity" (Refer to article 000036315 at
                        https://solvnetplus.synopsys.com)

Parsing design file '/home/bea/snitch-axi4-xbars/sc/hw/snitch_ipu/src/snitch_ipu_pkg.sv'
Parsing design file '/home/bea/snitch-axi4-xbars/sc/hw/snitch_ipu/src/snitch_ipu_alu.sv'
Parsing design file '/home/bea/snitch-axi4-xbars/sc/hw/snitch_ipu/src/snitch_int_ss.sv'
Parsing included file '/home/bea/snitch-axi4-xbars/sc/.bender/git/checkouts/common_cells-aa028fdb314cdab0/include/common_cells/registers.svh'.
Back to file '/home/bea/snitch-axi4-xbars/sc/hw/snitch_ipu/src/snitch_int_ss.sv'.
CPU time: .206 seconds to compile

Warning-[LNX_OS_VERUN] Unsupported Linux version
  Linux version 'AlmaLinux release 9.8 (Olive Jaguar)' is not supported on 
  'x86_64' officially, assuming linux compatibility by default. Set 
  VCS_ARCH_OVERRIDE to linux or suse32 to override.
  Please refer to release notes for information on supported platforms.

                         Chronologic VCS (TM)
        Version W-2024.09-1_Full64 -- Tue Sep 29 17:04:18 2026

                    Copyright (c) 1991 - 2024 Synopsys, Inc.
   This software and the associated documentation are proprietary to Synopsys,
 Inc. This software may only be used in accordance with the terms and conditions
 of a written license agreement with Synopsys, Inc. All other use, reproduction,
   or distribution of this software is strictly prohibited.  Licensed Products
     communicate with Synopsys servers for the purpose of providing software
    updates, detecting software piracy and verifying that customers are using
    Licensed Products in conformity with the applicable License Key for such
  Licensed Products. Synopsys will use information gathered in connection with
    this process to deliver software updates and pursue software pirates and
                                   infringers.

 Inclusivity & Diversity - Visit SolvNetPlus to read the "Synopsys Statement on
            Inclusivity and Diversity" (Refer to article 000036315 at
                        https://solvnetplus.synopsys.com)

Parsing design file '/home/bea/snitch-axi4-xbars/sc/hw/snitch_ssr/src/snitch_ssr_pkg.sv'
Parsing design file '/home/bea/snitch-axi4-xbars/sc/hw/snitch_ssr/src/snitch_ssr_switch.sv'
Parsing design file '/home/bea/snitch-axi4-xbars/sc/hw/snitch_ssr/src/snitch_ssr_credit_counter.sv'
Parsing included file '/home/bea/snitch-axi4-xbars/sc/.bender/git/checkouts/common_cells-aa028fdb314cdab0/include/common_cells/registers.svh'.
Back to file '/home/bea/snitch-axi4-xbars/sc/hw/snitch_ssr/src/snitch_ssr_credit_counter.sv'.
Parsing included file '/home/bea/snitch-axi4-xbars/sc/.bender/git/checkouts/common_cells-aa028fdb314cdab0/include/common_cells/assertions.svh'.
Back to file '/home/bea/snitch-axi4-xbars/sc/hw/snitch_ssr/src/snitch_ssr_credit_counter.sv'.
Parsing design file '/home/bea/snitch-axi4-xbars/sc/hw/snitch_ssr/src/snitch_ssr_indirector.sv'
Parsing included file '/home/bea/snitch-axi4-xbars/sc/.bender/git/checkouts/common_cells-aa028fdb314cdab0/include/common_cells/registers.svh'.
Back to file '/home/bea/snitch-axi4-xbars/sc/hw/snitch_ssr/src/snitch_ssr_indirector.sv'.
Parsing included file '/home/bea/snitch-axi4-xbars/sc/.bender/git/checkouts/common_cells-aa028fdb314cdab0/include/common_cells/assertions.svh'.
Back to file '/home/bea/snitch-axi4-xbars/sc/hw/snitch_ssr/src/snitch_ssr_indirector.sv'.
Parsing design file '/home/bea/snitch-axi4-xbars/sc/hw/snitch_ssr/src/snitch_ssr_intersector.sv'
Parsing included file '/home/bea/snitch-axi4-xbars/sc/.bender/git/checkouts/common_cells-aa028fdb314cdab0/include/common_cells/registers.svh'.
Back to file '/home/bea/snitch-axi4-xbars/sc/hw/snitch_ssr/src/snitch_ssr_intersector.sv'.
Parsing design file '/home/bea/snitch-axi4-xbars/sc/hw/snitch_ssr/src/snitch_ssr_addr_gen.sv'
Parsing included file '/home/bea/snitch-axi4-xbars/sc/.bender/git/checkouts/common_cells-aa028fdb314cdab0/include/common_cells/registers.svh'.
Back to file '/home/bea/snitch-axi4-xbars/sc/hw/snitch_ssr/src/snitch_ssr_addr_gen.sv'.
Parsing included file '/home/bea/snitch-axi4-xbars/sc/.bender/git/checkouts/common_cells-aa028fdb314cdab0/include/common_cells/assertions.svh'.
Back to file '/home/bea/snitch-axi4-xbars/sc/hw/snitch_ssr/src/snitch_ssr_addr_gen.sv'.
Parsing design file '/home/bea/snitch-axi4-xbars/sc/hw/snitch_ssr/src/snitch_ssr.sv'
Parsing included file '/home/bea/snitch-axi4-xbars/sc/.bender/git/checkouts/common_cells-aa028fdb314cdab0/include/common_cells/registers.svh'.
Back to file '/home/bea/snitch-axi4-xbars/sc/hw/snitch_ssr/src/snitch_ssr.sv'.
Parsing design file '/home/bea/snitch-axi4-xbars/sc/hw/snitch_ssr/src/snitch_ssr_streamer.sv'
Parsing included file '/home/bea/snitch-axi4-xbars/sc/.bender/git/checkouts/common_cells-aa028fdb314cdab0/include/common_cells/assertions.svh'.
Back to file '/home/bea/snitch-axi4-xbars/sc/hw/snitch_ssr/src/snitch_ssr_streamer.sv'.
Parsing included file '/home/bea/snitch-axi4-xbars/sc/hw/snitch_ssr/include/snitch_ssr/typedef.svh'.
Back to file '/home/bea/snitch-axi4-xbars/sc/hw/snitch_ssr/src/snitch_ssr_streamer.sv'.
CPU time: .273 seconds to compile

Warning-[LNX_OS_VERUN] Unsupported Linux version
  Linux version 'AlmaLinux release 9.8 (Olive Jaguar)' is not supported on 
  'x86_64' officially, assuming linux compatibility by default. Set 
  VCS_ARCH_OVERRIDE to linux or suse32 to override.
  Please refer to release notes for information on supported platforms.

                         Chronologic VCS (TM)
        Version W-2024.09-1_Full64 -- Tue Sep 29 17:04:19 2026

                    Copyright (c) 1991 - 2024 Synopsys, Inc.
   This software and the associated documentation are proprietary to Synopsys,
 Inc. This software may only be used in accordance with the terms and conditions
 of a written license agreement with Synopsys, Inc. All other use, reproduction,
   or distribution of this software is strictly prohibited.  Licensed Products
     communicate with Synopsys servers for the purpose of providing software
    updates, detecting software piracy and verifying that customers are using
    Licensed Products in conformity with the applicable License Key for such
  Licensed Products. Synopsys will use information gathered in connection with
    this process to deliver software updates and pursue software pirates and
                                   infringers.

 Inclusivity & Diversity - Visit SolvNetPlus to read the "Synopsys Statement on
            Inclusivity and Diversity" (Refer to article 000036315 at
                        https://solvnetplus.synopsys.com)

Parsing design file '/home/bea/snitch-axi4-xbars/sc/hw/snitch_ssr/test/fixture_ssr.sv'
Parsing included file '/home/bea/snitch-axi4-xbars/sc/hw/tcdm_interface/include/tcdm_interface/typedef.svh'.
Back to file '/home/bea/snitch-axi4-xbars/sc/hw/snitch_ssr/test/fixture_ssr.sv'.
Parsing included file '/home/bea/snitch-axi4-xbars/sc/hw/tcdm_interface/include/tcdm_interface/assign.svh'.
Back to file '/home/bea/snitch-axi4-xbars/sc/hw/snitch_ssr/test/fixture_ssr.sv'.
Parsing included file '/home/bea/snitch-axi4-xbars/sc/hw/snitch_ssr/include/snitch_ssr/typedef.svh'.
Back to file '/home/bea/snitch-axi4-xbars/sc/hw/snitch_ssr/test/fixture_ssr.sv'.
Parsing design file '/home/bea/snitch-axi4-xbars/sc/hw/snitch_ssr/test/fixture_ssr_streamer.sv'
Parsing included file '/home/bea/snitch-axi4-xbars/sc/hw/tcdm_interface/include/tcdm_interface/assign.svh'.
Back to file '/home/bea/snitch-axi4-xbars/sc/hw/snitch_ssr/test/fixture_ssr_streamer.sv'.
Parsing design file '/home/bea/snitch-axi4-xbars/sc/hw/snitch_ssr/test/tb_simple_ssr.sv'
Parsing design file '/home/bea/snitch-axi4-xbars/sc/hw/snitch_ssr/test/tb_simple_ssr_streamer.sv'
CPU time: .286 seconds to compile

Warning-[LNX_OS_VERUN] Unsupported Linux version
  Linux version 'AlmaLinux release 9.8 (Olive Jaguar)' is not supported on 
  'x86_64' officially, assuming linux compatibility by default. Set 
  VCS_ARCH_OVERRIDE to linux or suse32 to override.
  Please refer to release notes for information on supported platforms.

                         Chronologic VCS (TM)
        Version W-2024.09-1_Full64 -- Tue Sep 29 17:04:20 2026

                    Copyright (c) 1991 - 2024 Synopsys, Inc.
   This software and the associated documentation are proprietary to Synopsys,
 Inc. This software may only be used in accordance with the terms and conditions
 of a written license agreement with Synopsys, Inc. All other use, reproduction,
   or distribution of this software is strictly prohibited.  Licensed Products
     communicate with Synopsys servers for the purpose of providing software
    updates, detecting software piracy and verifying that customers are using
    Licensed Products in conformity with the applicable License Key for such
  Licensed Products. Synopsys will use information gathered in connection with
    this process to deliver software updates and pursue software pirates and
                                   infringers.

 Inclusivity & Diversity - Visit SolvNetPlus to read the "Synopsys Statement on
            Inclusivity and Diversity" (Refer to article 000036315 at
                        https://solvnetplus.synopsys.com)

Parsing design file '/home/bea/snitch-axi4-xbars/sc/hw/snitch_cluster/src/snitch_amo_shim.sv'
Parsing included file '/home/bea/snitch-axi4-xbars/sc/.bender/git/checkouts/common_cells-aa028fdb314cdab0/include/common_cells/registers.svh'.
Back to file '/home/bea/snitch-axi4-xbars/sc/hw/snitch_cluster/src/snitch_amo_shim.sv'.
Parsing included file '/home/bea/snitch-axi4-xbars/sc/.bender/git/checkouts/common_cells-aa028fdb314cdab0/include/common_cells/assertions.svh'.
Back to file '/home/bea/snitch-axi4-xbars/sc/hw/snitch_cluster/src/snitch_amo_shim.sv'.
Parsing design file '/home/bea/snitch-axi4-xbars/sc/hw/snitch_cluster/src/snitch_cluster_peripheral/snitch_cluster_peripheral_reg_pkg.sv'
Parsing design file '/home/bea/snitch-axi4-xbars/sc/hw/snitch_cluster/src/snitch_cluster_peripheral/snitch_cluster_peripheral_reg_top.sv'
Parsing included file '/home/bea/snitch-axi4-xbars/sc/.bender/git/checkouts/common_cells-aa028fdb314cdab0/include/common_cells/assertions.svh'.
Back to file '/home/bea/snitch-axi4-xbars/sc/hw/snitch_cluster/src/snitch_cluster_peripheral/snitch_cluster_peripheral_reg_top.sv'.
Parsing design file '/home/bea/snitch-axi4-xbars/sc/hw/snitch_cluster/src/snitch_cluster_peripheral/snitch_cluster_peripheral.sv'
Parsing included file '/home/bea/snitch-axi4-xbars/sc/.bender/git/checkouts/common_cells-aa028fdb314cdab0/include/common_cells/registers.svh'.
Back to file '/home/bea/snitch-axi4-xbars/sc/hw/snitch_cluster/src/snitch_cluster_peripheral/snitch_cluster_peripheral.sv'.
Parsing design file '/home/bea/snitch-axi4-xbars/sc/hw/snitch_cluster/src/snitch_fpu.sv'
Parsing design file '/home/bea/snitch-axi4-xbars/sc/hw/snitch_cluster/src/snitch_sequencer.sv'
Parsing included file '/home/bea/snitch-axi4-xbars/sc/.bender/git/checkouts/common_cells-aa028fdb314cdab0/include/common_cells/registers.svh'.
Back to file '/home/bea/snitch-axi4-xbars/sc/hw/snitch_cluster/src/snitch_sequencer.sv'.
Parsing included file '/home/bea/snitch-axi4-xbars/sc/.bender/git/checkouts/common_cells-aa028fdb314cdab0/include/common_cells/assertions.svh'.
Back to file '/home/bea/snitch-axi4-xbars/sc/hw/snitch_cluster/src/snitch_sequencer.sv'.
Parsing design file '/home/bea/snitch-axi4-xbars/sc/hw/snitch_cluster/src/snitch_tcdm_interconnect.sv'
Parsing included file '/home/bea/snitch-axi4-xbars/sc/hw/mem_interface/include/mem_interface/typedef.svh'.
Back to file '/home/bea/snitch-axi4-xbars/sc/hw/snitch_cluster/src/snitch_tcdm_interconnect.sv'.
Parsing design file '/home/bea/snitch-axi4-xbars/sc/hw/snitch_cluster/src/snitch_barrier.sv'
Parsing included file '/home/bea/snitch-axi4-xbars/sc/.bender/git/checkouts/common_cells-aa028fdb314cdab0/include/common_cells/registers.svh'.
Back to file '/home/bea/snitch-axi4-xbars/sc/hw/snitch_cluster/src/snitch_barrier.sv'.
Parsing design file '/home/bea/snitch-axi4-xbars/sc/hw/snitch_cluster/src/snitch_fp_ss.sv'
Parsing included file '/home/bea/snitch-axi4-xbars/sc/.bender/git/checkouts/common_cells-aa028fdb314cdab0/include/common_cells/registers.svh'.
Back to file '/home/bea/snitch-axi4-xbars/sc/hw/snitch_cluster/src/snitch_fp_ss.sv'.
Parsing included file '/home/bea/snitch-axi4-xbars/sc/.bender/git/checkouts/common_cells-aa028fdb314cdab0/include/common_cells/assertions.svh'.
Back to file '/home/bea/snitch-axi4-xbars/sc/hw/snitch_cluster/src/snitch_fp_ss.sv'.
Parsing design file '/home/bea/snitch-axi4-xbars/sc/hw/snitch_cluster/src/snitch_shared_muldiv.sv'
Parsing included file '/home/bea/snitch-axi4-xbars/sc/.bender/git/checkouts/common_cells-aa028fdb314cdab0/include/common_cells/registers.svh'.
Back to file '/home/bea/snitch-axi4-xbars/sc/hw/snitch_cluster/src/snitch_shared_muldiv.sv'.
Parsing design file '/home/bea/snitch-axi4-xbars/sc/hw/snitch_cluster/src/snitch_cc.sv'
Parsing included file '/home/bea/snitch-axi4-xbars/sc/.bender/git/checkouts/common_cells-aa028fdb314cdab0/include/common_cells/assertions.svh'.
Back to file '/home/bea/snitch-axi4-xbars/sc/hw/snitch_cluster/src/snitch_cc.sv'.
Parsing included file '/home/bea/snitch-axi4-xbars/sc/.bender/git/checkouts/common_cells-aa028fdb314cdab0/include/common_cells/registers.svh'.
Back to file '/home/bea/snitch-axi4-xbars/sc/hw/snitch_cluster/src/snitch_cc.sv'.
Parsing included file '/home/bea/snitch-axi4-xbars/sc/hw/snitch/include/snitch_vm/typedef.svh'.
Back to file '/home/bea/snitch-axi4-xbars/sc/hw/snitch_cluster/src/snitch_cc.sv'.
Parsing design file '/home/bea/snitch-axi4-xbars/sc/hw/snitch_cluster/src/snitch_clkdiv2.sv'
Parsing design file '/home/bea/snitch-axi4-xbars/sc/hw/snitch_cluster/src/snitch_hive.sv'
Parsing design file '/home/bea/snitch-axi4-xbars/sc/hw/snitch_cluster/src/snitch_cluster.sv'
Parsing included file '/home/bea/snitch-axi4-xbars/sc/.bender/git/checkouts/axi-10c18867bc585e38/include/axi/assign.svh'.
Back to file '/home/bea/snitch-axi4-xbars/sc/hw/snitch_cluster/src/snitch_cluster.sv'.
Parsing included file '/home/bea/snitch-axi4-xbars/sc/.bender/git/checkouts/axi-10c18867bc585e38/include/axi/typedef.svh'.
Back to file '/home/bea/snitch-axi4-xbars/sc/hw/snitch_cluster/src/snitch_cluster.sv'.
Parsing included file '/home/bea/snitch-axi4-xbars/sc/.bender/git/checkouts/common_cells-aa028fdb314cdab0/include/common_cells/assertions.svh'.
Back to file '/home/bea/snitch-axi4-xbars/sc/hw/snitch_cluster/src/snitch_cluster.sv'.
Parsing included file '/home/bea/snitch-axi4-xbars/sc/.bender/git/checkouts/common_cells-aa028fdb314cdab0/include/common_cells/registers.svh'.
Back to file '/home/bea/snitch-axi4-xbars/sc/hw/snitch_cluster/src/snitch_cluster.sv'.
Parsing included file '/home/bea/snitch-axi4-xbars/sc/.bender/git/checkouts/register_interface-5a95d2f18694a6d3/include/register_interface/typedef.svh'.
Back to file '/home/bea/snitch-axi4-xbars/sc/hw/snitch_cluster/src/snitch_cluster.sv'.
Parsing included file '/home/bea/snitch-axi4-xbars/sc/hw/reqrsp_interface/include/reqrsp_interface/typedef.svh'.
Back to file '/home/bea/snitch-axi4-xbars/sc/hw/snitch_cluster/src/snitch_cluster.sv'.
Parsing included file '/home/bea/snitch-axi4-xbars/sc/hw/tcdm_interface/include/tcdm_interface/typedef.svh'.
Back to file '/home/bea/snitch-axi4-xbars/sc/hw/snitch_cluster/src/snitch_cluster.sv'.
CPU time: .430 seconds to compile

Warning-[LNX_OS_VERUN] Unsupported Linux version
  Linux version 'AlmaLinux release 9.8 (Olive Jaguar)' is not supported on 
  'x86_64' officially, assuming linux compatibility by default. Set 
  VCS_ARCH_OVERRIDE to linux or suse32 to override.
  Please refer to release notes for information on supported platforms.

                         Chronologic VCS (TM)
        Version W-2024.09-1_Full64 -- Tue Sep 29 17:04:21 2026

                    Copyright (c) 1991 - 2024 Synopsys, Inc.
   This software and the associated documentation are proprietary to Synopsys,
 Inc. This software may only be used in accordance with the terms and conditions
 of a written license agreement with Synopsys, Inc. All other use, reproduction,
   or distribution of this software is strictly prohibited.  Licensed Products
     communicate with Synopsys servers for the purpose of providing software
    updates, detecting software piracy and verifying that customers are using
    Licensed Products in conformity with the applicable License Key for such
  Licensed Products. Synopsys will use information gathered in connection with
    this process to deliver software updates and pursue software pirates and
                                   infringers.

 Inclusivity & Diversity - Visit SolvNetPlus to read the "Synopsys Statement on
            Inclusivity and Diversity" (Refer to article 000036315 at
                        https://solvnetplus.synopsys.com)

Parsing design file '/home/bea/snitch-axi4-xbars/sc/hw/snitch_cluster/test/snitch_tcdm_interconnect_tb.sv'
Parsing included file '/home/bea/snitch-axi4-xbars/sc/hw/tcdm_interface/include/tcdm_interface/typedef.svh'.
Back to file '/home/bea/snitch-axi4-xbars/sc/hw/snitch_cluster/test/snitch_tcdm_interconnect_tb.sv'.
Parsing included file '/home/bea/snitch-axi4-xbars/sc/hw/tcdm_interface/include/tcdm_interface/assign.svh'.
Back to file '/home/bea/snitch-axi4-xbars/sc/hw/snitch_cluster/test/snitch_tcdm_interconnect_tb.sv'.
Parsing included file '/home/bea/snitch-axi4-xbars/sc/hw/mem_interface/include/mem_interface/typedef.svh'.
Back to file '/home/bea/snitch-axi4-xbars/sc/hw/snitch_cluster/test/snitch_tcdm_interconnect_tb.sv'.
Parsing included file '/home/bea/snitch-axi4-xbars/sc/hw/mem_interface/include/mem_interface/assign.svh'.
Back to file '/home/bea/snitch-axi4-xbars/sc/hw/snitch_cluster/test/snitch_tcdm_interconnect_tb.sv'.
CPU time: .334 seconds to compile

Warning-[LNX_OS_VERUN] Unsupported Linux version
  Linux version 'AlmaLinux release 9.8 (Olive Jaguar)' is not supported on 
  'x86_64' officially, assuming linux compatibility by default. Set 
  VCS_ARCH_OVERRIDE to linux or suse32 to override.
  Please refer to release notes for information on supported platforms.

                         Chronologic VCS (TM)
        Version W-2024.09-1_Full64 -- Tue Sep 29 17:04:22 2026

                    Copyright (c) 1991 - 2024 Synopsys, Inc.
   This software and the associated documentation are proprietary to Synopsys,
 Inc. This software may only be used in accordance with the terms and conditions
 of a written license agreement with Synopsys, Inc. All other use, reproduction,
   or distribution of this software is strictly prohibited.  Licensed Products
     communicate with Synopsys servers for the purpose of providing software
    updates, detecting software piracy and verifying that customers are using
    Licensed Products in conformity with the applicable License Key for such
  Licensed Products. Synopsys will use information gathered in connection with
    this process to deliver software updates and pursue software pirates and
                                   infringers.

 Inclusivity & Diversity - Visit SolvNetPlus to read the "Synopsys Statement on
            Inclusivity and Diversity" (Refer to article 000036315 at
                        https://solvnetplus.synopsys.com)

Parsing design file '/home/bea/snitch-axi4-xbars/sc/target/common/test/tb_memory_regbus.sv'
Parsing included file '/home/bea/snitch-axi4-xbars/sc/.bender/git/checkouts/register_interface-5a95d2f18694a6d3/include/register_interface/assign.svh'.
Back to file '/home/bea/snitch-axi4-xbars/sc/target/common/test/tb_memory_regbus.sv'.
Parsing design file '/home/bea/snitch-axi4-xbars/sc/target/common/test/tb_memory_axi.sv'
Parsing included file '/home/bea/snitch-axi4-xbars/sc/.bender/git/checkouts/axi-10c18867bc585e38/include/axi/assign.svh'.
Back to file '/home/bea/snitch-axi4-xbars/sc/target/common/test/tb_memory_axi.sv'.
Parsing included file '/home/bea/snitch-axi4-xbars/sc/.bender/git/checkouts/axi-10c18867bc585e38/include/axi/typedef.svh'.
Back to file '/home/bea/snitch-axi4-xbars/sc/target/common/test/tb_memory_axi.sv'.
Parsing included file '/home/bea/snitch-axi4-xbars/sc/.bender/git/checkouts/register_interface-5a95d2f18694a6d3/include/register_interface/typedef.svh'.
Back to file '/home/bea/snitch-axi4-xbars/sc/target/common/test/tb_memory_axi.sv'.
Parsing included file '/home/bea/snitch-axi4-xbars/sc/.bender/git/checkouts/common_cells-aa028fdb314cdab0/include/common_cells/assertions.svh'.
Back to file '/home/bea/snitch-axi4-xbars/sc/target/common/test/tb_memory_axi.sv'.
CPU time: .255 seconds to compile

Warning-[LNX_OS_VERUN] Unsupported Linux version
  Linux version 'AlmaLinux release 9.8 (Olive Jaguar)' is not supported on 
  'x86_64' officially, assuming linux compatibility by default. Set 
  VCS_ARCH_OVERRIDE to linux or suse32 to override.
  Please refer to release notes for information on supported platforms.

                         Chronologic VCS (TM)
        Version W-2024.09-1_Full64 -- Tue Sep 29 17:04:22 2026

                    Copyright (c) 1991 - 2024 Synopsys, Inc.
   This software and the associated documentation are proprietary to Synopsys,
 Inc. This software may only be used in accordance with the terms and conditions
 of a written license agreement with Synopsys, Inc. All other use, reproduction,
   or distribution of this software is strictly prohibited.  Licensed Products
     communicate with Synopsys servers for the purpose of providing software
    updates, detecting software piracy and verifying that customers are using
    Licensed Products in conformity with the applicable License Key for such
  Licensed Products. Synopsys will use information gathered in connection with
    this process to deliver software updates and pursue software pirates and
                                   infringers.

 Inclusivity & Diversity - Visit SolvNetPlus to read the "Synopsys Statement on
            Inclusivity and Diversity" (Refer to article 000036315 at
                        https://solvnetplus.synopsys.com)

Parsing design file '/home/bea/snitch-axi4-xbars/sc/target/common/test/tb_bin.sv'
CPU time: .254 seconds to compile

Warning-[LNX_OS_VERUN] Unsupported Linux version
  Linux version 'AlmaLinux release 9.8 (Olive Jaguar)' is not supported on 
  'x86_64' officially, assuming linux compatibility by default. Set 
  VCS_ARCH_OVERRIDE to linux or suse32 to override.
  Please refer to release notes for information on supported platforms.

                         Chronologic VCS (TM)
        Version W-2024.09-1_Full64 -- Tue Sep 29 17:04:23 2026

                    Copyright (c) 1991 - 2024 Synopsys, Inc.
   This software and the associated documentation are proprietary to Synopsys,
 Inc. This software may only be used in accordance with the terms and conditions
 of a written license agreement with Synopsys, Inc. All other use, reproduction,
   or distribution of this software is strictly prohibited.  Licensed Products
     communicate with Synopsys servers for the purpose of providing software
    updates, detecting software piracy and verifying that customers are using
    Licensed Products in conformity with the applicable License Key for such
  Licensed Products. Synopsys will use information gathered in connection with
    this process to deliver software updates and pursue software pirates and
                                   infringers.

 Inclusivity & Diversity - Visit SolvNetPlus to read the "Synopsys Statement on
            Inclusivity and Diversity" (Refer to article 000036315 at
                        https://solvnetplus.synopsys.com)

Parsing design file '/home/bea/snitch-axi4-xbars/sc/target/snitch_cluster/generated/snitch_cluster_wrapper.sv'
Parsing included file '/home/bea/snitch-axi4-xbars/sc/.bender/git/checkouts/axi-10c18867bc585e38/include/axi/typedef.svh'.
Back to file '/home/bea/snitch-axi4-xbars/sc/target/snitch_cluster/generated/snitch_cluster_wrapper.sv'.
CPU time: .288 seconds to compile

Warning-[LNX_OS_VERUN] Unsupported Linux version
  Linux version 'AlmaLinux release 9.8 (Olive Jaguar)' is not supported on 
  'x86_64' officially, assuming linux compatibility by default. Set 
  VCS_ARCH_OVERRIDE to linux or suse32 to override.
  Please refer to release notes for information on supported platforms.

                         Chronologic VCS (TM)
        Version W-2024.09-1_Full64 -- Tue Sep 29 17:04:24 2026

                    Copyright (c) 1991 - 2024 Synopsys, Inc.
   This software and the associated documentation are proprietary to Synopsys,
 Inc. This software may only be used in accordance with the terms and conditions
 of a written license agreement with Synopsys, Inc. All other use, reproduction,
   or distribution of this software is strictly prohibited.  Licensed Products
     communicate with Synopsys servers for the purpose of providing software
    updates, detecting software piracy and verifying that customers are using
    Licensed Products in conformity with the applicable License Key for such
  Licensed Products. Synopsys will use information gathered in connection with
    this process to deliver software updates and pursue software pirates and
                                   infringers.

 Inclusivity & Diversity - Visit SolvNetPlus to read the "Synopsys Statement on
            Inclusivity and Diversity" (Refer to article 000036315 at
                        https://solvnetplus.synopsys.com)

Parsing design file '/home/bea/snitch-axi4-xbars/sc/target/snitch_cluster/test/testharness.sv'
Parsing included file '/home/bea/snitch-axi4-xbars/sc/.bender/git/checkouts/axi-10c18867bc585e38/include/axi/typedef.svh'.
Back to file '/home/bea/snitch-axi4-xbars/sc/target/snitch_cluster/test/testharness.sv'.
CPU time: .260 seconds to compile
